{"checkouts":[{"id":6242162606158,"token":"3994a8c5261de1b0c1fe6aeda29994ee","cart_token":"8e4e113d9fb830e5927bcf63ea89d91a","email":"paul@walnutgrove.org.nz","gateway":"stripe","buyer_accepts_marketing":false,"created_at":"2019-02-19T09:48:27+07:00","updated_at":"2019-02-21T06:57:19+07:00","landing_site":"\/products\/lest-we-forget-anzac-day?fbclid=IwAR1IXvu6BzoHuCrIle5A1lSFYcnksO1kcUGXlGRJvSt2gFjzIH_bmXLqXXE","note":"","note_attributes":[],"referring_site":"https:\/\/www.facebook.com\/","shipping_lines":[{"code":"Basic Pack Shipping","price":"5.45","source":"shopify","title":"Basic Pack Shipping","presentment_title":"Basic Pack Shipping","phone":null,"tax_lines":[],"custom_tax_lines":null,"validation_context":null,"markup":"0.00","delivery_category":null,"carrier_identifier":null,"carrier_service_id":null,"api_client_id":null,"requested_fulfillment_service_id":null,"applied_discounts":[],"id":"cd7963551659c401b5b4433718f46881"}],"taxes_included":false,"total_weight":198,"currency":"USD","completed_at":"2019-02-21T06:57:17+07:00","closed_at":null,"user_id":null,"location_id":null,"source_identifier":null,"source_url":null,"device_id":null,"phone":null,"customer_locale":"en","line_items":[{"applied_discounts":[],"key":"6d6be88adb40005b7fe07c3a29f31b02","destination_location_id":null,"fulfillment_service":"manual","gift_card":false,"grams":198,"origin_location_id":856401313870,"product_id":2403970842702,"properties":[{"name":"upsellcheckquantity","value":""}],"quantity":1,"requires_shipping":true,"sku":"DT6000","tax_lines":[],"taxable":true,"title":"Lest we Forget Tshirt – ANZAC Day in New Zealand","variant_id":21410867380302,"variant_title":"District Unisex Shirt \/ Black \/ 3XL","variant_price":"29.95","vendor":"teelaunch","user_id":null,"unit_price_measurement":null,"country_hs_codes":[],"country_code_of_origin":null,"province_code_of_origin":null,"harmonized_system_code":null,"compare_at_price":"43.00","line_price":"29.95","price":"29.95"}],"name":"#6242162606158","source":null,"abandoned_checkout_url":"https:\/\/lestweforgetshop.com\/9277734990\/checkouts\/3994a8c5261de1b0c1fe6aeda29994ee\/recover?key=c7fc5c115d7071d53d9e5647065cff2e","discount_codes":[],"tax_lines":[],"source_name":"web","presentment_currency":"USD","total_discounts":"0.00","total_line_items_price":"29.95","total_price":"35.40","total_tax":"0.00","subtotal_price":"29.95","billing_address":{"first_name":"Paul","address1":"1112 Newtons Road","phone":null,"city":"Rolleston, Christchurch","zip":"7675","province":"Canterbury","country":"New Zealand","last_name":"Visser","address2":"","company":null,"latitude":-43.5581518,"longitude":172.3269114,"name":"Paul Visser","country_code":"NZ","province_code":"CAN"},"shipping_address":{"first_name":"Paul","address1":"1112 Newtons Road","phone":null,"city":"Rolleston, Christchurch","zip":"7675","province":"Canterbury","country":"New Zealand","last_name":"Visser","address2":"","company":null,"latitude":-43.5581518,"longitude":172.3269114,"name":"Paul Visser","country_code":"NZ","province_code":"CAN"},"customer":{"id":1285256478798,"email":"paul@walnutgrove.org.nz","accepts_marketing":false,"created_at":"2019-02-19T09:49:07+07:00","updated_at":"2019-02-21T06:57:17+07:00","first_name":"Paul","last_name":"Visser","orders_count":1,"state":"disabled","total_spent":"35.40","last_order_id":985385271374,"note":null,"verified_email":true,"multipass_identifier":null,"tax_exempt":false,"phone":null,"tags":"","last_order_name":"#LWF1017","currency":"USD","accepts_marketing_updated_at":"2019-02-19T09:49:07+07:00","marketing_opt_in_level":null,"tax_exemptions":[],"admin_graphql_api_id":"gid:\/\/shopify\/Customer\/1285256478798","default_address":{"id":1431316693070,"customer_id":1285256478798,"first_name":"Paul","last_name":"Visser","company":null,"address1":"1112 Newtons Road","address2":"","city":"Rolleston, Christchurch","province":"Canterbury","country":"New Zealand","zip":"7675","phone":null,"name":"Paul Visser","province_code":"CAN","country_code":"NZ","country_name":"New Zealand","default":true}}},{"id":6246848069710,"token":"0a50bff873bc670cc7719595a79bc286","cart_token":"e537e15c072837672552c012455cd273","email":"ap-pitty@hotmail.com","gateway":"stripe","buyer_accepts_marketing":false,"created_at":"2019-02-20T05:37:43+07:00","updated_at":"2019-02-22T07:06:00+07:00","landing_site":"\/products\/lest-we-forget-anzac-day","note":"","note_attributes":[],"referring_site":"http:\/\/m.facebook.com","shipping_lines":[{"code":"Basic Pack Shipping","price":"5.45","source":"shopify","title":"Basic Pack Shipping","presentment_title":"Basic Pack Shipping","phone":null,"tax_lines":[],"custom_tax_lines":null,"validation_context":null,"markup":"0.00","delivery_category":null,"carrier_identifier":null,"carrier_service_id":null,"api_client_id":null,"requested_fulfillment_service_id":null,"applied_discounts":[],"id":"a5901dffc308c401436fc751ac4e85c7"}],"taxes_included":false,"total_weight":198,"currency":"USD","completed_at":"2019-02-22T07:05:58+07:00","closed_at":null,"user_id":null,"location_id":null,"source_identifier":null,"source_url":null,"device_id":null,"phone":null,"customer_locale":"en","line_items":[{"applied_discounts":[],"key":"c85a7b47fafd93b2063df1c4c1012393","destination_location_id":null,"fulfillment_service":"manual","gift_card":false,"grams":198,"origin_location_id":856401313870,"product_id":2403970842702,"properties":[{"name":"upsellcheckquantity","value":""}],"quantity":1,"requires_shipping":true,"sku":"DT6000","tax_lines":[],"taxable":true,"title":"Lest we Forget Tshirt – ANZAC Day in New Zealand","variant_id":21410866364494,"variant_title":"District Unisex Shirt \/ Royal Blue \/ L","variant_price":"29.95","vendor":"teelaunch","user_id":null,"unit_price_measurement":null,"country_hs_codes":[],"country_code_of_origin":null,"province_code_of_origin":null,"harmonized_system_code":null,"compare_at_price":"43.00","line_price":"29.95","price":"29.95"}],"name":"#6246848069710","source":null,"abandoned_checkout_url":"https:\/\/lestweforgetshop.com\/9277734990\/checkouts\/0a50bff873bc670cc7719595a79bc286\/recover?key=ea883d1e825189618f42265c57a91c42","discount_codes":[],"tax_lines":[],"source_name":"web","presentment_currency":"USD","total_discounts":"0.00","total_line_items_price":"29.95","total_price":"35.40","total_tax":"0.00","subtotal_price":"29.95","billing_address":{"first_name":"Andrew","address1":"24 Bankot Crescent","phone":null,"city":"Wellington","zip":"6035","province":"Wellington","country":"New Zealand","last_name":"Pitt","address2":"Ngaio","company":null,"latitude":-41.2506666,"longitude":174.7827663,"name":"Andrew Pitt","country_code":"NZ","province_code":"WGN"},"shipping_address":{"first_name":"Andrew","address1":"24 Bankot Crescent","phone":null,"city":"Wellington","zip":"6035","province":"Wellington","country":"New Zealand","last_name":"Pitt","address2":"Ngaio","company":null,"latitude":-41.2506666,"longitude":174.7827663,"name":"Andrew Pitt","country_code":"NZ","province_code":"WGN"},"customer":{"id":1285947588686,"email":"ap-pitty@hotmail.com","accepts_marketing":false,"created_at":"2019-02-20T05:38:51+07:00","updated_at":"2019-02-22T07:05:58+07:00","first_name":"Andrew","last_name":"Pitt","orders_count":1,"state":"disabled","total_spent":"35.40","last_order_id":986149519438,"note":null,"verified_email":true,"multipass_identifier":null,"tax_exempt":false,"phone":null,"tags":"","last_order_name":"#LWF1018","currency":"USD","accepts_marketing_updated_at":"2019-02-20T05:38:51+07:00","marketing_opt_in_level":null,"tax_exemptions":[],"admin_graphql_api_id":"gid:\/\/shopify\/Customer\/1285947588686","default_address":{"id":1431971627086,"customer_id":1285947588686,"first_name":"Andrew","last_name":"Pitt","company":null,"address1":"24 Bankot Crescent","address2":"Ngaio","city":"Wellington","province":"Wellington","country":"New Zealand","zip":"6035","phone":null,"name":"Andrew Pitt","province_code":"WGN","country_code":"NZ","country_name":"New Zealand","default":true}}},{"id":6458317733966,"token":"5affc06d3c1bbeebd594723602eeb0e4","cart_token":"ed648b204953e95fdb315e6e8814ee9c","email":"lissa906@hotmail.com","gateway":"paypal","buyer_accepts_marketing":false,"created_at":"2019-04-07T13:05:44+07:00","updated_at":"2019-04-07T23:15:01+07:00","landing_site":"\/products\/lestweforgetring?fbclid=IwAR0jX5qKAXtSeQqTv_38UiPzCGgjsR9IKblArzqvd_xSnBpAxA4QNStnv6Y","note":"","note_attributes":[],"referring_site":"https:\/\/m.facebook.com\/","shipping_lines":[{"code":"Basic Pack Shipping","price":"5.45","source":"shopify","title":"Basic Pack Shipping","presentment_title":"Basic Pack Shipping","phone":null,"tax_lines":[],"custom_tax_lines":null,"validation_context":null,"markup":"0.00","delivery_category":null,"carrier_identifier":null,"carrier_service_id":null,"api_client_id":null,"requested_fulfillment_service_id":null,"applied_discounts":[],"id":"3c546f389c03d1180d0dc2ea389838ac"}],"taxes_included":false,"total_weight":136,"currency":"USD","completed_at":null,"closed_at":null,"user_id":null,"location_id":null,"source_identifier":null,"source_url":null,"device_id":null,"phone":null,"customer_locale":"en","line_items":[{"applied_discounts":[],"key":"1dea5304c2d0e1b38e7ed4b930629b3a","destination_location_id":1057274265678,"fulfillment_service":"manual","gift_card":false,"grams":136,"origin_location_id":856401313870,"product_id":2450708267086,"properties":[{"name":"upsellcheckquantity","value":""}],"quantity":1,"requires_shipping":true,"sku":"","tax_lines":[],"taxable":true,"title":"Lest We Forget Ring","variant_id":21794517090382,"variant_title":"8","variant_price":"39.95","vendor":"lestweforgetshop","user_id":null,"unit_price_measurement":{"measured_type":null,"quantity_value":null,"quantity_unit":null,"reference_value":null,"reference_unit":null},"country_hs_codes":[],"country_code_of_origin":null,"province_code_of_origin":null,"harmonized_system_code":null,"compare_at_price":"57.00","line_price":"39.95","price":"39.95"}],"name":"#6458317733966","source":null,"abandoned_checkout_url":"https:\/\/lestweforgetshop.com\/9277734990\/checkouts\/5affc06d3c1bbeebd594723602eeb0e4\/recover?key=c5de949424066f269dad3dc5a27a8498","discount_codes":[],"tax_lines":[],"source_name":"web","presentment_currency":"USD","total_discounts":"0.00","total_line_items_price":"39.95","total_price":"45.40","total_tax":"0.00","subtotal_price":"39.95","billing_address":{"first_name":"Melissa ","address1":"73Glengarvin Dr ","phone":"0427782783","city":"Tamworth ","zip":"2340","province":"New South Wales","country":"Australia","last_name":"Sherlock ","address2":"","company":null,"latitude":-31.0588991,"longitude":150.891288,"name":"Melissa  Sherlock ","country_code":"AU","province_code":"NSW"},"shipping_address":{"first_name":"Melissa ","address1":"73Glengarvin Dr ","phone":"0427782783","city":"Tamworth ","zip":"2340","province":"New South Wales","country":"Australia","last_name":"Sherlock ","address2":"","company":null,"latitude":-31.0588991,"longitude":150.891288,"name":"Melissa  Sherlock ","country_code":"AU","province_code":"NSW"},"customer":{"id":1680234512462,"email":"lissa906@hotmail.com","accepts_marketing":false,"created_at":"2019-04-07T13:12:44+07:00","updated_at":"2019-04-07T13:12:44+07:00","first_name":"Melissa","last_name":"Sherlock","orders_count":0,"state":"disabled","total_spent":"0.00","last_order_id":null,"note":null,"verified_email":true,"multipass_identifier":null,"tax_exempt":false,"phone":null,"tags":"","last_order_name":null,"currency":"USD","accepts_marketing_updated_at":"2019-04-07T13:12:44+07:00","marketing_opt_in_level":null,"tax_exemptions":[],"admin_graphql_api_id":"gid:\/\/shopify\/Customer\/1680234512462","default_address":{"id":1802715299918,"customer_id":1680234512462,"first_name":"Melissa ","last_name":"Sherlock ","company":null,"address1":"73Glengarvin Dr ","address2":"","city":"Tamworth ","province":"New South Wales","country":"Australia","zip":"2340","phone":"0427782783","name":"Melissa  Sherlock ","province_code":"NSW","country_code":"AU","country_name":"Australia","default":true}}},{"id":6473786327118,"token":"4a3aa774c3189282bd8577852655910a","cart_token":"4410c98eb58743c69c49c53ff51fb39b","email":"cdsellwood@gmail.com","gateway":"stripe","buyer_accepts_marketing":false,"created_at":"2019-04-10T15:23:50+07:00","updated_at":"2019-04-11T01:30:01+07:00","landing_site":"\/products\/lestweforgetring","note":"","note_attributes":[],"referring_site":"http:\/\/m.facebook.com\/","shipping_lines":[{"code":"Basic Pack Shipping","price":"5.45","source":"shopify","title":"Basic Pack Shipping","presentment_title":"Basic Pack Shipping","phone":null,"tax_lines":[],"custom_tax_lines":null,"validation_context":null,"markup":"0.00","delivery_category":null,"carrier_identifier":null,"carrier_service_id":null,"api_client_id":null,"requested_fulfillment_service_id":null,"applied_discounts":[],"id":"3c546f389c03d1180d0dc2ea389838ac"}],"taxes_included":false,"total_weight":136,"currency":"USD","completed_at":null,"closed_at":null,"user_id":null,"location_id":null,"source_identifier":null,"source_url":null,"device_id":null,"phone":null,"customer_locale":"en","line_items":[{"applied_discounts":[],"key":"aca8817dd68d466a4b3725abffb80bfc","destination_location_id":null,"fulfillment_service":"manual","gift_card":false,"grams":136,"origin_location_id":856401313870,"product_id":2450708267086,"properties":[{"name":"upsellcheckquantity","value":""}],"quantity":1,"requires_shipping":true,"sku":"","tax_lines":[],"taxable":true,"title":"Lest We Forget Ring","variant_id":21794517188686,"variant_title":"11","variant_price":"39.95","vendor":"lestweforgetshop","user_id":null,"unit_price_measurement":{"measured_type":null,"quantity_value":null,"quantity_unit":null,"reference_value":null,"reference_unit":null},"country_hs_codes":[],"country_code_of_origin":null,"province_code_of_origin":null,"harmonized_system_code":null,"compare_at_price":"57.00","line_price":"39.95","price":"39.95"}],"name":"#6473786327118","source":null,"abandoned_checkout_url":"https:\/\/lestweforgetshop.com\/9277734990\/checkouts\/4a3aa774c3189282bd8577852655910a\/recover?key=c1939ce610ec97c0e146bdaaabef57cc","discount_codes":[],"tax_lines":[],"source_name":"web","presentment_currency":"USD","total_discounts":"0.00","total_line_items_price":"39.95","total_price":"45.40","total_tax":"0.00","subtotal_price":"39.95","billing_address":{"first_name":"Craig ","address1":"242 Fairweather Road","phone":"022 649 5324","city":"Invercargill ","zip":"9872","province":"Southland","country":"New Zealand","last_name":"Sellwood ","address2":"RD2","company":null,"latitude":-46.3823774,"longitude":168.4485776,"name":"Craig  Sellwood ","country_code":"NZ","province_code":"STL"},"shipping_address":{"first_name":"Craig ","address1":"242 Fairweather Road","phone":"022 649 5324","city":"Invercargill ","zip":"9872","province":"Southland","country":"New Zealand","last_name":"Sellwood ","address2":"RD2","company":null,"latitude":-46.3823774,"longitude":168.4485776,"name":"Craig  Sellwood ","country_code":"NZ","province_code":"STL"},"customer":{"id":1683867631694,"email":"cdsellwood@gmail.com","accepts_marketing":false,"created_at":"2019-04-10T15:27:27+07:00","updated_at":"2019-04-10T15:27:27+07:00","first_name":"Craig","last_name":"Sellwood","orders_count":0,"state":"disabled","total_spent":"0.00","last_order_id":null,"note":null,"verified_email":true,"multipass_identifier":null,"tax_exempt":false,"phone":null,"tags":"","last_order_name":null,"currency":"USD","accepts_marketing_updated_at":"2019-04-10T15:27:27+07:00","marketing_opt_in_level":null,"tax_exemptions":[],"admin_graphql_api_id":"gid:\/\/shopify\/Customer\/1683867631694","default_address":{"id":1806021328974,"customer_id":1683867631694,"first_name":"Craig ","last_name":"Sellwood ","company":null,"address1":"242 Fairweather Road","address2":"RD2","city":"Invercargill ","province":"Southland","country":"New Zealand","zip":"9872","phone":"022 649 5324","name":"Craig  Sellwood ","province_code":"STL","country_code":"NZ","country_name":"New Zealand","default":true}}},{"id":6474084515918,"token":"1a4f4a2ffb98d64903532ef2ea7717cc","cart_token":"c90af287458b684f229063a7217c3330","email":"peterbright8@bigpond.com","gateway":"paypal","buyer_accepts_marketing":false,"created_at":"2019-04-10T18:14:12+07:00","updated_at":"2019-04-12T06:49:22+07:00","landing_site":"\/","note":"","note_attributes":[],"referring_site":"","shipping_lines":[{"code":"Basic Pack Shipping","price":"5.45","source":"shopify","title":"Basic Pack Shipping","presentment_title":"Basic Pack Shipping","phone":null,"tax_lines":[],"custom_tax_lines":null,"validation_context":null,"markup":"0.00","delivery_category":null,"carrier_identifier":null,"carrier_service_id":null,"api_client_id":null,"requested_fulfillment_service_id":null,"applied_discounts":[],"id":"a5901dffc308c401436fc751ac4e85c7"}],"taxes_included":false,"total_weight":566,"currency":"USD","completed_at":"2019-04-12T06:49:20+07:00","closed_at":null,"user_id":null,"location_id":null,"source_identifier":null,"source_url":null,"device_id":null,"phone":null,"customer_locale":"en","line_items":[{"applied_discounts":[],"key":"9555139ce91b1ef2560762fdedd4fe6f","destination_location_id":null,"fulfillment_service":"manual","gift_card":false,"grams":198,"origin_location_id":856401313870,"product_id":2403970842702,"properties":[{"name":"upsellcheckquantity","value":""}],"quantity":1,"requires_shipping":true,"sku":"","tax_lines":[],"taxable":true,"title":"Lest we Forget Tshirt  ANZAC Day in New Zealand","variant_id":21410867183694,"variant_title":"District Unisex Shirt \/ Dark Green \/ 4XL","variant_price":"29.95","vendor":"teelaunch","user_id":null,"unit_price_measurement":{"measured_type":null,"quantity_value":null,"quantity_unit":null,"reference_value":null,"reference_unit":null},"country_hs_codes":[],"country_code_of_origin":null,"province_code_of_origin":null,"harmonized_system_code":null,"compare_at_price":"43.00","line_price":"29.95","price":"29.95"},{"applied_discounts":[],"key":"cfd907a5f38d5dfd889092f451ed9971","destination_location_id":null,"fulfillment_service":"manual","gift_card":false,"grams":369,"origin_location_id":856401313870,"product_id":2403984965710,"properties":[{"name":"upsellcheckquantity","value":""}],"quantity":1,"requires_shipping":true,"sku":"P211","tax_lines":[],"taxable":false,"title":"Lest we Forget Black Mug – ANZAC Day in New Zealand","variant_id":21410929180750,"variant_title":"Black","variant_price":"29.95","vendor":"teelaunch","user_id":null,"unit_price_measurement":{"measured_type":null,"quantity_value":null,"quantity_unit":null,"reference_value":null,"reference_unit":null},"country_hs_codes":[],"country_code_of_origin":null,"province_code_of_origin":null,"harmonized_system_code":null,"compare_at_price":"43.00","line_price":"29.95","price":"29.95"}],"name":"#6474084515918","source":null,"abandoned_checkout_url":"https:\/\/lestweforgetshop.com\/9277734990\/checkouts\/1a4f4a2ffb98d64903532ef2ea7717cc\/recover?key=79df5f54be986cfa26c39fe84482e6ec","discount_codes":[],"tax_lines":[],"source_name":"web","presentment_currency":"USD","total_discounts":"0.00","total_line_items_price":"59.90","total_price":"65.35","total_tax":"0.00","subtotal_price":"59.90","billing_address":{"first_name":"Peter","address1":"30 Bernard Drive","phone":"0437936391","city":"Melton South","zip":"3338","province":"Victoria","country":"Australia","last_name":"Bright","address2":"","company":null,"latitude":-37.6963229,"longitude":144.5732827,"name":"Peter Bright","country_code":"AU","province_code":"VIC"},"shipping_address":{"first_name":"Peter","address1":"30 Bernard Drive","phone":"0437936391","city":"Melton South","zip":"3338","province":"Victoria","country":"Australia","last_name":"Bright","address2":"","company":null,"latitude":-37.6963229,"longitude":144.5732827,"name":"Peter Bright","country_code":"AU","province_code":"VIC"},"customer":{"id":1684039925838,"email":"peterbright8@bigpond.com","accepts_marketing":false,"created_at":"2019-04-10T18:12:11+07:00","updated_at":"2019-04-13T10:12:56+07:00","first_name":"Peter","last_name":"Bright","orders_count":2,"state":"disabled","total_spent":"95.30","last_order_id":1035542822990,"note":null,"verified_email":true,"multipass_identifier":null,"tax_exempt":false,"phone":null,"tags":"newsletter","last_order_name":"#LWF1133","currency":"USD","accepts_marketing_updated_at":"2019-04-13T10:12:56+07:00","marketing_opt_in_level":null,"tax_exemptions":[],"admin_graphql_api_id":"gid:\/\/shopify\/Customer\/1684039925838","default_address":{"id":1831971782734,"customer_id":1684039925838,"first_name":"Peter","last_name":"Bright","company":null,"address1":"30 Bernard Drive","address2":"","city":"Melton South","province":null,"country":"Australia","zip":"3338","phone":"0437936391","name":"Peter Bright","province_code":null,"country_code":"AU","country_name":"Australia","default":true}}},{"id":6481605984334,"token":"15147ccd6584443fa47bfbbb41a7fc59","cart_token":"4167ab0ccb5acc2300046deed2426daa","email":"axelward44@gmail.com","gateway":"paypal","buyer_accepts_marketing":false,"created_at":"2019-04-12T06:36:33+07:00","updated_at":"2019-04-12T16:40:00+07:00","landing_site":"\/products\/lestweforgetring","note":"","note_attributes":[],"referring_site":"http:\/\/m.facebook.com\/","shipping_lines":[{"code":"Basic Pack Shipping","price":"5.45","source":"shopify","title":"Basic Pack Shipping","presentment_title":"Basic Pack Shipping","phone":null,"tax_lines":[],"custom_tax_lines":null,"validation_context":null,"markup":"0.00","delivery_category":null,"carrier_identifier":null,"carrier_service_id":null,"api_client_id":null,"requested_fulfillment_service_id":null,"applied_discounts":[],"id":"a5901dffc308c401436fc751ac4e85c7"}],"taxes_included":false,"total_weight":136,"currency":"USD","completed_at":null,"closed_at":null,"user_id":null,"location_id":null,"source_identifier":null,"source_url":null,"device_id":null,"phone":null,"customer_locale":"en","line_items":[{"applied_discounts":[],"key":"8598002a03c602ccf419ecba072c3c33","destination_location_id":null,"fulfillment_service":"manual","gift_card":false,"grams":136,"origin_location_id":856401313870,"product_id":2450708267086,"properties":[{"name":"upsellcheckquantity","value":""}],"quantity":1,"requires_shipping":true,"sku":"","tax_lines":[],"taxable":true,"title":"Lest We Forget Ring","variant_id":21794517024846,"variant_title":"6","variant_price":"39.95","vendor":"lestweforgetshop","user_id":null,"unit_price_measurement":{"measured_type":null,"quantity_value":null,"quantity_unit":null,"reference_value":null,"reference_unit":null},"country_hs_codes":[],"country_code_of_origin":null,"province_code_of_origin":null,"harmonized_system_code":null,"compare_at_price":"57.00","line_price":"39.95","price":"39.95"}],"name":"#6481605984334","source":null,"abandoned_checkout_url":"https:\/\/lestweforgetshop.com\/9277734990\/checkouts\/15147ccd6584443fa47bfbbb41a7fc59\/recover?key=48d89f0e65b700fe4448332109722fe3","discount_codes":[],"tax_lines":[],"source_name":"web","presentment_currency":"USD","total_discounts":"0.00","total_line_items_price":"39.95","total_price":"45.40","total_tax":"0.00","subtotal_price":"39.95","billing_address":{"first_name":"Axel","address1":"24 Corinna street Falcon","phone":"0422 662 192","city":"Mandurah","zip":"6210","province":"Western Australia","country":"Australia","last_name":"Ward","address2":"","company":null,"latitude":-32.5733872,"longitude":115.6665063,"name":"Axel Ward","country_code":"AU","province_code":"WA"},"shipping_address":{"first_name":"Axel","address1":"24 Corinna street Falcon","phone":"0422 662 192","city":"Mandurah","zip":"6210","province":"Western Australia","country":"Australia","last_name":"Ward","address2":"","company":null,"latitude":-32.5733872,"longitude":115.6665063,"name":"Axel Ward","country_code":"AU","province_code":"WA"},"customer":{"id":1710395654222,"email":"axelward44@gmail.com","accepts_marketing":false,"created_at":"2019-04-12T06:37:46+07:00","updated_at":"2019-04-12T06:37:46+07:00","first_name":"Axel","last_name":"Ward","orders_count":0,"state":"disabled","total_spent":"0.00","last_order_id":null,"note":null,"verified_email":true,"multipass_identifier":null,"tax_exempt":false,"phone":null,"tags":"","last_order_name":null,"currency":"USD","accepts_marketing_updated_at":"2019-04-12T06:37:46+07:00","marketing_opt_in_level":null,"tax_exemptions":[],"admin_graphql_api_id":"gid:\/\/shopify\/Customer\/1710395654222","default_address":{"id":1830892109902,"customer_id":1710395654222,"first_name":"Axel","last_name":"Ward","company":null,"address1":"24 Corinna street Falcon","address2":"","city":"Mandurah","province":"Western Australia","country":"Australia","zip":"6210","phone":"0422 662 192","name":"Axel Ward","province_code":"WA","country_code":"AU","country_name":"Australia","default":true}}},{"id":6497532248142,"token":"4efe3b6d13b6a7ab6a5aa09415647d3a","cart_token":"c71e5197792aeb22c533bbe4a396b219","email":"nicolefleming.74@hotmail.com","gateway":"stripe","buyer_accepts_marketing":false,"created_at":"2019-04-16T09:39:23+07:00","updated_at":"2019-04-16T19:45:00+07:00","landing_site":"\/products\/lest-we-forget-anzac-day","note":"","note_attributes":[],"referring_site":"http:\/\/m.facebook.com","shipping_lines":[{"code":"Basic Pack Shipping","price":"5.45","source":"shopify","title":"Basic Pack Shipping","presentment_title":"Basic Pack Shipping","phone":null,"tax_lines":[],"custom_tax_lines":null,"validation_context":null,"markup":"0.00","delivery_category":null,"carrier_identifier":null,"carrier_service_id":null,"api_client_id":null,"requested_fulfillment_service_id":null,"applied_discounts":[],"id":"3c546f389c03d1180d0dc2ea389838ac"}],"taxes_included":false,"total_weight":198,"currency":"USD","completed_at":null,"closed_at":null,"user_id":null,"location_id":null,"source_identifier":null,"source_url":null,"device_id":null,"phone":null,"customer_locale":"en","line_items":[{"applied_discounts":[],"key":"1682f9acd66c7c18e5a943d86a81537f","destination_location_id":null,"fulfillment_service":"manual","gift_card":false,"grams":198,"origin_location_id":856401313870,"product_id":2403970842702,"properties":[{"name":"upsellcheckquantity","value":""}],"quantity":1,"requires_shipping":true,"sku":"","tax_lines":[],"taxable":true,"title":"Lest we Forget Tshirt  ANZAC Day in New Zealand","variant_id":21410867380302,"variant_title":"District Unisex Shirt \/ Black \/ 3XL","variant_price":"29.95","vendor":"teelaunch","user_id":null,"unit_price_measurement":{"measured_type":null,"quantity_value":null,"quantity_unit":null,"reference_value":null,"reference_unit":null},"country_hs_codes":[],"country_code_of_origin":null,"province_code_of_origin":null,"harmonized_system_code":null,"compare_at_price":"43.00","line_price":"29.95","price":"29.95"}],"name":"#6497532248142","source":null,"abandoned_checkout_url":"https:\/\/lestweforgetshop.com\/9277734990\/checkouts\/4efe3b6d13b6a7ab6a5aa09415647d3a\/recover?key=11efc622d0179a1f4b0a6777aad51cc3","discount_codes":[],"tax_lines":[],"source_name":"web","presentment_currency":"USD","total_discounts":"0.00","total_line_items_price":"29.95","total_price":"35.40","total_tax":"0.00","subtotal_price":"29.95","billing_address":{"first_name":"Nicole","address1":"14 Inglis Street","phone":"0467 341 603","city":"Lake Albert","zip":"2650","province":"New South Wales","country":"Australia","last_name":"Fleming","address2":"","company":null,"latitude":-35.1690583,"longitude":147.3824551,"name":"Nicole Fleming","country_code":"AU","province_code":"NSW"},"shipping_address":{"first_name":"Nicole","address1":"14 Inglis Street","phone":"0467 341 603","city":"Lake Albert","zip":"2650","province":"New South Wales","country":"Australia","last_name":"Fleming","address2":"","company":null,"latitude":-35.1690583,"longitude":147.3824551,"name":"Nicole Fleming","country_code":"AU","province_code":"NSW"},"customer":{"id":1714534449230,"email":"nicolefleming.74@hotmail.com","accepts_marketing":false,"created_at":"2019-04-16T09:40:23+07:00","updated_at":"2019-04-16T09:40:23+07:00","first_name":"Nicole","last_name":"Fleming","orders_count":0,"state":"disabled","total_spent":"0.00","last_order_id":null,"note":null,"verified_email":true,"multipass_identifier":null,"tax_exempt":false,"phone":null,"tags":"","last_order_name":null,"currency":"USD","accepts_marketing_updated_at":"2019-04-16T09:40:23+07:00","marketing_opt_in_level":null,"tax_exemptions":[],"admin_graphql_api_id":"gid:\/\/shopify\/Customer\/1714534449230","default_address":{"id":1834855956558,"customer_id":1714534449230,"first_name":"Nicole","last_name":"Fleming","company":null,"address1":"14 Inglis Street","address2":"","city":"Lake Albert","province":"New South Wales","country":"Australia","zip":"2650","phone":"0467 341 603","name":"Nicole Fleming","province_code":"NSW","country_code":"AU","country_name":"Australia","default":true}}},{"id":6529856208974,"token":"3945c0720ff20f88560f244a9a6ac986","cart_token":"9d3b13003b655f21a7c03c02a5e43110","email":"brentdonna89@gmail.com","gateway":"paypal","buyer_accepts_marketing":true,"created_at":"2019-04-23T14:23:33+07:00","updated_at":"2019-05-16T13:38:07+07:00","landing_site":"\/products\/lestweforgetring?fbclid=IwAR3M72bwxLPlBLPTOTGMPXADzSKGHnidYRyfxwIbkfaTdnJjT59z_MB4ID4","note":"","note_attributes":[],"referring_site":"https:\/\/m.facebook.com\/","shipping_lines":[{"code":"Basic Pack Shipping","price":"5.45","source":"shopify","title":"Basic Pack Shipping","presentment_title":"Basic Pack Shipping","phone":null,"tax_lines":[],"custom_tax_lines":null,"validation_context":null,"markup":"0.00","delivery_category":null,"carrier_identifier":null,"carrier_service_id":null,"api_client_id":null,"requested_fulfillment_service_id":null,"applied_discounts":[],"id":"3c546f389c03d1180d0dc2ea389838ac"}],"taxes_included":false,"total_weight":136,"currency":"USD","completed_at":"2019-05-16T13:38:06+07:00","closed_at":null,"user_id":null,"location_id":null,"source_identifier":null,"source_url":null,"device_id":null,"phone":null,"customer_locale":"en","line_items":[{"applied_discounts":[],"key":"bf8719eacd84a0c5e49914e264ef19cd","destination_location_id":1110118039630,"fulfillment_service":"manual","gift_card":false,"grams":136,"origin_location_id":856401313870,"product_id":2450708267086,"properties":[{"name":"upsellcheckquantity","value":""}],"quantity":1,"requires_shipping":true,"sku":"","tax_lines":[],"taxable":true,"title":"Lest We Forget Ring","variant_id":21794517155918,"variant_title":"10","variant_price":"39.95","vendor":"lestweforgetshop","user_id":null,"unit_price_measurement":{"measured_type":null,"quantity_value":null,"quantity_unit":null,"reference_value":null,"reference_unit":null},"country_hs_codes":[],"country_code_of_origin":null,"province_code_of_origin":null,"harmonized_system_code":null,"compare_at_price":"57.00","line_price":"39.95","price":"39.95"}],"name":"#6529856208974","source":null,"abandoned_checkout_url":"https:\/\/lestweforgetshop.com\/9277734990\/checkouts\/3945c0720ff20f88560f244a9a6ac986\/recover?key=eaa243403d405c3860a8a556272e26d5","discount_codes":[],"tax_lines":[],"source_name":"web","presentment_currency":"USD","total_discounts":"0.00","total_line_items_price":"39.95","total_price":"45.40","total_tax":"0.00","subtotal_price":"39.95","billing_address":{"first_name":"Brent","address1":"12 Tupelo Place","phone":"027 774 5382","city":"Ohauiti","zip":"3112","province":"Bay of Plenty","country":"New Zealand","last_name":"Bell","address2":"","company":null,"latitude":-37.7545479,"longitude":176.1584169,"name":"Brent Bell","country_code":"NZ","province_code":"BOP"},"shipping_address":{"first_name":"Brent","address1":"12 Tupelo Place","phone":"027 774 5382","city":"Ohauiti","zip":"3112","province":"Bay of Plenty","country":"New Zealand","last_name":"Bell","address2":"","company":null,"latitude":-37.7545479,"longitude":176.1584169,"name":"Brent Bell","country_code":"NZ","province_code":"BOP"},"customer":{"id":1748894122062,"email":"brentdonna89@gmail.com","accepts_marketing":true,"created_at":"2019-04-23T14:24:08+07:00","updated_at":"2019-05-16T13:38:06+07:00","first_name":"Brent","last_name":"Bell","orders_count":1,"state":"disabled","total_spent":"45.40","last_order_id":1121510424654,"note":null,"verified_email":true,"multipass_identifier":null,"tax_exempt":false,"phone":null,"tags":"","last_order_name":"#LWF1181","currency":"USD","accepts_marketing_updated_at":"2019-04-23T14:24:08+07:00","marketing_opt_in_level":"single_opt_in","tax_exemptions":[],"admin_graphql_api_id":"gid:\/\/shopify\/Customer\/1748894122062","default_address":{"id":2011055259726,"customer_id":1748894122062,"first_name":"Brent","last_name":"Bell","company":null,"address1":"12 Tupelo Place","address2":"","city":"Ohauiti","province":"Bay of Plenty","country":"New Zealand","zip":"3112","phone":"027 774 5382","name":"Brent Bell","province_code":"BOP","country_code":"NZ","country_name":"New Zealand","default":true}}},{"id":6718098407502,"token":"e603c123f313f3178e4aee9b5fc71097","cart_token":"9d7632cfcf7b6a835b3edfbeb24240e7","email":"karlwallace11@gmail.com","gateway":null,"buyer_accepts_marketing":false,"created_at":"2019-05-22T03:06:48+07:00","updated_at":"2019-05-22T13:10:00+07:00","landing_site":"\/products\/new-zealand-maori-fern-tattoo?utm_source=fb\u0026utm_medium=huang\u0026utm_campaign=aotea\u0026utm_content=20.5","note":"","note_attributes":[],"referring_site":"http:\/\/m.facebook.com\/","shipping_lines":[{"code":"Basic Pack Shipping","price":"5.45","source":"shopify","title":"Basic Pack Shipping","presentment_title":"Basic Pack Shipping","phone":null,"tax_lines":[],"custom_tax_lines":null,"validation_context":null,"markup":"0.00","delivery_category":null,"carrier_identifier":null,"carrier_service_id":null,"api_client_id":null,"requested_fulfillment_service_id":null,"applied_discounts":[],"id":"a5901dffc308c401436fc751ac4e85c7"}],"taxes_included":false,"total_weight":100,"currency":"USD","completed_at":null,"closed_at":null,"user_id":null,"location_id":null,"source_identifier":null,"source_url":null,"device_id":null,"phone":null,"customer_locale":"en","line_items":[{"applied_discounts":[],"key":"e66f701c25b8eb00f01d5d11efedcef5","destination_location_id":null,"fulfillment_service":"manual","gift_card":false,"grams":100,"origin_location_id":856401313870,"product_id":3676591784014,"properties":[{"name":"upsellcheckquantity","value":""}],"quantity":1,"requires_shipping":true,"sku":"","tax_lines":[],"taxable":true,"title":"Aotearoa New Zealand - Maori Fern Tattoo Zipper Hoodie - T","variant_id":28565426012238,"variant_title":"Zip-Up Hoodie \/ 3XL","variant_price":"79.95","vendor":"TartanZ","user_id":null,"unit_price_measurement":{"measured_type":null,"quantity_value":null,"quantity_unit":null,"reference_value":null,"reference_unit":null},"country_hs_codes":[],"country_code_of_origin":null,"province_code_of_origin":null,"harmonized_system_code":null,"compare_at_price":"114.21","line_price":"79.95","price":"79.95"}],"name":"#6718098407502","source":null,"abandoned_checkout_url":"https:\/\/lestweforgetshop.com\/9277734990\/checkouts\/e603c123f313f3178e4aee9b5fc71097\/recover?key=82a7b647878d1c1cc64e11ae1228d17c","discount_codes":[],"tax_lines":[],"source_name":"web","presentment_currency":"USD","total_discounts":"0.00","total_line_items_price":"79.95","total_price":"85.40","total_tax":"0.00","subtotal_price":"79.95","shipping_address":{"first_name":"Karl","address1":"12 Aytoun Cres","phone":"07368 364174","city":"Burntisland","zip":"KY3 9HS","province":null,"country":"United Kingdom","last_name":"Wallace","address2":"","company":null,"latitude":56.0659377,"longitude":-3.2340425,"name":"Karl Wallace","country_code":"GB","province_code":null},"customer":{"id":1879853563982,"email":"karlwallace11@gmail.com","accepts_marketing":false,"created_at":"2019-05-22T03:07:50+07:00","updated_at":"2019-05-22T03:07:50+07:00","first_name":"Karl","last_name":"Wallace","orders_count":0,"state":"disabled","total_spent":"0.00","last_order_id":null,"note":null,"verified_email":true,"multipass_identifier":null,"tax_exempt":false,"phone":null,"tags":"","last_order_name":null,"currency":"USD","accepts_marketing_updated_at":"2019-05-22T03:07:50+07:00","marketing_opt_in_level":null,"tax_exemptions":[],"admin_graphql_api_id":"gid:\/\/shopify\/Customer\/1879853563982","default_address":{"id":2022519898190,"customer_id":1879853563982,"first_name":"Karl","last_name":"Wallace","company":null,"address1":"12 Aytoun Cres","address2":"","city":"Burntisland","province":null,"country":"United Kingdom","zip":"KY3 9HS","phone":"07368 364174","name":"Karl Wallace","province_code":null,"country_code":"GB","country_name":"United Kingdom","default":true}}},{"id":6722013921358,"token":"452d33a9937eaede867b654b72049840","cart_token":"20fc58fe3fea622e4e62668d3d4a09e8","email":"narayankar.samarth@gmail.com","gateway":null,"buyer_accepts_marketing":false,"created_at":"2019-05-22T14:57:38+07:00","updated_at":"2019-05-23T01:05:01+07:00","landing_site":"\/products\/new-zealand-maori-fern-tattoo?utm_source=fb\u0026utm_medium=huang\u0026utm_campaign=aotea\u0026utm_content=20.5","note":"","note_attributes":[],"referring_site":"http:\/\/instagram.com\/","shipping_lines":[{"code":"Basic Pack Shipping","price":"5.45","source":"shopify","title":"Basic Pack Shipping","presentment_title":"Basic Pack Shipping","phone":null,"tax_lines":[],"custom_tax_lines":null,"validation_context":null,"markup":"0.00","delivery_category":null,"carrier_identifier":null,"carrier_service_id":null,"api_client_id":null,"requested_fulfillment_service_id":null,"applied_discounts":[],"id":"a5901dffc308c401436fc751ac4e85c7"}],"taxes_included":false,"total_weight":100,"currency":"USD","completed_at":null,"closed_at":null,"user_id":null,"location_id":null,"source_identifier":null,"source_url":null,"device_id":null,"phone":null,"customer_locale":"en","line_items":[{"applied_discounts":[],"key":"a44291d1c82f5951586b949db5c3d3f7","destination_location_id":null,"fulfillment_service":"manual","gift_card":false,"grams":0,"origin_location_id":856401313870,"product_id":2405887213646,"properties":[{"name":"upsellcheckquantity","value":""}],"quantity":1,"requires_shipping":true,"sku":"","tax_lines":[],"taxable":true,"title":"Lest We Forget Fleece Hoodie","variant_id":21419779588174,"variant_title":"Black \/ L","variant_price":"79.95","vendor":"lestweforgetshop","user_id":null,"unit_price_measurement":{"measured_type":null,"quantity_value":null,"quantity_unit":null,"reference_value":null,"reference_unit":null},"country_hs_codes":[],"country_code_of_origin":null,"province_code_of_origin":null,"harmonized_system_code":null,"compare_at_price":"114.00","line_price":"79.95","price":"79.95"},{"applied_discounts":[],"key":"91b9e9c159e1854c6bdc39104ecfb29d","destination_location_id":null,"fulfillment_service":"manual","gift_card":false,"grams":100,"origin_location_id":856401313870,"product_id":3676591784014,"properties":[{"name":"upsellcheckquantity","value":""}],"quantity":1,"requires_shipping":true,"sku":"","tax_lines":[],"taxable":true,"title":"Aotearoa New Zealand - Maori Fern Tattoo Zipper Hoodie - T","variant_id":28565425913934,"variant_title":"Zip-Up Hoodie \/ L","variant_price":"79.95","vendor":"TartanZ","user_id":null,"unit_price_measurement":{"measured_type":null,"quantity_value":null,"quantity_unit":null,"reference_value":null,"reference_unit":null},"country_hs_codes":[],"country_code_of_origin":null,"province_code_of_origin":null,"harmonized_system_code":null,"compare_at_price":"114.21","line_price":"79.95","price":"79.95"}],"name":"#6722013921358","source":null,"abandoned_checkout_url":"https:\/\/lestweforgetshop.com\/9277734990\/checkouts\/452d33a9937eaede867b654b72049840\/recover?key=7b1a5522ab9c3d679aec5c1fcf0bd85d","discount_codes":[],"tax_lines":[],"source_name":"web","presentment_currency":"USD","total_discounts":"0.00","total_line_items_price":"159.90","total_price":"165.35","total_tax":"0.00","subtotal_price":"159.90","shipping_address":{"first_name":"Samarth","address1":"Mohol","phone":"97306 70673","city":"Mohol","zip":"413213","province":"Maharashtra","country":"India","last_name":"Narayankar","address2":"Kalase nagar","company":null,"latitude":null,"longitude":null,"name":"Samarth Narayankar","country_code":"IN","province_code":"MH"},"customer":{"id":1880487657550,"email":"narayankar.samarth@gmail.com","accepts_marketing":false,"created_at":"2019-05-22T15:00:24+07:00","updated_at":"2019-05-22T15:00:24+07:00","first_name":"Samarth","last_name":"Narayankar","orders_count":0,"state":"disabled","total_spent":"0.00","last_order_id":null,"note":null,"verified_email":true,"multipass_identifier":null,"tax_exempt":false,"phone":null,"tags":"","last_order_name":null,"currency":"USD","accepts_marketing_updated_at":"2019-05-22T15:00:24+07:00","marketing_opt_in_level":null,"tax_exemptions":[],"admin_graphql_api_id":"gid:\/\/shopify\/Customer\/1880487657550","default_address":{"id":2023139475534,"customer_id":1880487657550,"first_name":"Samarth","last_name":"Narayankar","company":null,"address1":"Mohol","address2":"Kalase nagar","city":"Mohol","province":"Maharashtra","country":"India","zip":"413213","phone":"97306 70673","name":"Samarth Narayankar","province_code":"MH","country_code":"IN","country_name":"India","default":true}}}]}
