{"orders":[{"id":1688706711623,"email":"oregonpetro@gmail.com","closed_at":null,"created_at":"2019-09-20T20:21:23-06:00","updated_at":"2019-09-20T20:21:30-06:00","number":8,"note":null,"token":"5424b2e9df6986a031dc7be7544f1fd9","gateway":"paypal","test":false,"total_price":"47.35","subtotal_price":"41.40","total_weight":0,"total_tax":"0.00","taxes_included":false,"currency":"USD","financial_status":"paid","confirmed":true,"total_discounts":"4.59","total_line_items_price":"45.99","cart_token":"4ecc62fae7e68a5a40938f15918e5c44","buyer_accepts_marketing":true,"name":"#TBB151008","referring_site":"http:\/\/m.facebook.com\/","landing_site":"\/products\/o-ducks-black-and-white-v4","cancelled_at":null,"cancel_reason":null,"total_price_usd":"47.35","checkout_token":"5e4dd7fd69ec8a5da6d9008342fc2848","reference":null,"user_id":null,"location_id":null,"source_identifier":null,"source_url":null,"processed_at":"2019-09-20T20:21:22-06:00","device_id":null,"phone":null,"customer_locale":"en","app_id":580111,"browser_ip":"172.58.63.126","landing_site_ref":null,"order_number":1008,"discount_applications":[{"type":"discount_code","value":"10.0","value_type":"percentage","allocation_method":"across","target_selection":"all","target_type":"line_item","code":"JOY10"}],"discount_codes":[{"code":"JOY10","amount":"4.59","type":"percentage"}],"note_attributes":[],"payment_gateway_names":["paypal"],"processing_method":"express","checkout_id":11231375949895,"source_name":"web","fulfillment_status":null,"tax_lines":[],"tags":"","contact_email":"oregonpetro@gmail.com","order_status_url":"https:\/\/thebigbowl15.myshopify.com\/8573616199\/orders\/5424b2e9df6986a031dc7be7544f1fd9\/authenticate?key=7d0eca64c74e0e37e5f05f8ff9272a49","presentment_currency":"USD","total_line_items_price_set":{"shop_money":{"amount":"45.99","currency_code":"USD"},"presentment_money":{"amount":"45.99","currency_code":"USD"}},"total_discounts_set":{"shop_money":{"amount":"4.59","currency_code":"USD"},"presentment_money":{"amount":"4.59","currency_code":"USD"}},"total_shipping_price_set":{"shop_money":{"amount":"5.95","currency_code":"USD"},"presentment_money":{"amount":"5.95","currency_code":"USD"}},"subtotal_price_set":{"shop_money":{"amount":"41.40","currency_code":"USD"},"presentment_money":{"amount":"41.40","currency_code":"USD"}},"total_price_set":{"shop_money":{"amount":"47.35","currency_code":"USD"},"presentment_money":{"amount":"47.35","currency_code":"USD"}},"total_tax_set":{"shop_money":{"amount":"0.00","currency_code":"USD"},"presentment_money":{"amount":"0.00","currency_code":"USD"}},"total_tip_received":"0.0","admin_graphql_api_id":"gid:\/\/shopify\/Order\/1688706711623","line_items":[{"id":3755885559879,"variant_id":30080673054791,"title":"O.Ducks Black And White V4","quantity":1,"sku":"","variant_title":"XL \/ HOODIE","vendor":"thebigbowl","fulfillment_service":"manual","product_id":3570381783111,"requires_shipping":true,"taxable":true,"gift_card":false,"name":"O.Ducks Black And White V4 - XL \/ HOODIE","variant_inventory_management":null,"properties":[],"product_exists":true,"fulfillable_quantity":1,"grams":0,"price":"45.99","total_discount":"0.00","fulfillment_status":null,"price_set":{"shop_money":{"amount":"45.99","currency_code":"USD"},"presentment_money":{"amount":"45.99","currency_code":"USD"}},"total_discount_set":{"shop_money":{"amount":"0.00","currency_code":"USD"},"presentment_money":{"amount":"0.00","currency_code":"USD"}},"discount_allocations":[{"amount":"4.59","discount_application_index":0,"amount_set":{"shop_money":{"amount":"4.59","currency_code":"USD"},"presentment_money":{"amount":"4.59","currency_code":"USD"}}}],"admin_graphql_api_id":"gid:\/\/shopify\/LineItem\/3755885559879","tax_lines":[],"origin_location":{"id":1538566651975,"country_code":"VN","province_code":"","name":"The Big Bowl","address1":"55 Ben Van Don","address2":"","city":"Ho Chi Minh City","zip":"100000"}}],"shipping_lines":[{"id":1370561675335,"title":"US Standard shipping with tracking code ( FREE ship for order over $100)","price":"5.95","code":"US Standard shipping with tracking code ( FREE ship for order over $100)","source":"shopify","phone":null,"requested_fulfillment_service_id":null,"delivery_category":null,"carrier_identifier":null,"discounted_price":"5.95","price_set":{"shop_money":{"amount":"5.95","currency_code":"USD"},"presentment_money":{"amount":"5.95","currency_code":"USD"}},"discounted_price_set":{"shop_money":{"amount":"5.95","currency_code":"USD"},"presentment_money":{"amount":"5.95","currency_code":"USD"}},"discount_allocations":[],"tax_lines":[]}],"billing_address":{"first_name":"Daniel ","address1":"241 South Madison Avenue","phone":"(970) 980-3975","city":"Loveland","zip":"80537","province":"Colorado","country":"United States","last_name":"Grubb","address2":"","company":null,"latitude":40.3910402,"longitude":-105.0590822,"name":"Daniel  Grubb","country_code":"US","province_code":"CO"},"shipping_address":{"first_name":"Daniel ","address1":"241 South Madison Avenue","phone":"(970) 980-3975","city":"Loveland","zip":"80537","province":"Colorado","country":"United States","last_name":"Grubb","address2":"","company":null,"latitude":40.3910402,"longitude":-105.0590822,"name":"Daniel  Grubb","country_code":"US","province_code":"CO"},"fulfillments":[],"client_details":{"browser_ip":"172.58.63.126","accept_language":"en-US,en;q=0.9","user_agent":"Mozilla\/5.0 (Linux; Android 9; SM-N950U Build\/PPR1.180610.011; wv) AppleWebKit\/537.36 (KHTML, like Gecko) Version\/4.0 Chrome\/77.0.3865.92 Mobile Safari\/537.36 [FB_IAB\/FB4A;FBAV\/239.0.0.41.152;]","session_hash":null,"browser_width":320,"browser_height":538},"refunds":[],"customer":{"id":2294594404423,"email":"oregonpetro@gmail.com","accepts_marketing":true,"created_at":"2019-09-20T20:19:33-06:00","updated_at":"2019-09-20T20:21:23-06:00","first_name":"Daniel","last_name":"Grubb","orders_count":1,"state":"disabled","total_spent":"47.35","last_order_id":1688706711623,"note":null,"verified_email":true,"multipass_identifier":null,"tax_exempt":false,"phone":null,"tags":"","last_order_name":"#TBB151008","currency":"USD","accepts_marketing_updated_at":"2019-09-20T20:19:34-06:00","marketing_opt_in_level":"single_opt_in","admin_graphql_api_id":"gid:\/\/shopify\/Customer\/2294594404423","default_address":{"id":2580991836231,"customer_id":2294594404423,"first_name":"Daniel ","last_name":"Grubb","company":null,"address1":"241 South Madison Avenue","address2":"","city":"Loveland","province":"Colorado","country":"United States","zip":"80537","phone":"(970) 980-3975","name":"Daniel  Grubb","province_code":"CO","country_code":"US","country_name":"United States","default":true}}},{"id":1688648810567,"email":"rrbiggs66@gmail.com","closed_at":null,"created_at":"2019-09-20T19:19:14-06:00","updated_at":"2019-09-20T19:19:16-06:00","number":7,"note":null,"token":"16de9606613d0d1634a8713e8ca2fa85","gateway":"paypal","test":false,"total_price":"51.94","subtotal_price":"45.99","total_weight":0,"total_tax":"0.00","taxes_included":false,"currency":"USD","financial_status":"paid","confirmed":true,"total_discounts":"0.00","total_line_items_price":"45.99","cart_token":"885d3b6faa29338bc3d67037df967942","buyer_accepts_marketing":false,"name":"#TBB151007","referring_site":"android-app:\/\/m.facebook.com","landing_site":"\/products\/patr-black-and-white-v3","cancelled_at":null,"cancel_reason":null,"total_price_usd":"51.94","checkout_token":"74ede93c2e4fef5c0eb2c279bdc09c7b","reference":null,"user_id":null,"location_id":null,"source_identifier":null,"source_url":null,"processed_at":"2019-09-20T19:19:13-06:00","device_id":null,"phone":null,"customer_locale":"en","app_id":580111,"browser_ip":"174.199.19.235","landing_site_ref":null,"order_number":1007,"discount_applications":[],"discount_codes":[],"note_attributes":[],"payment_gateway_names":["paypal"],"processing_method":"express","checkout_id":11230983061575,"source_name":"web","fulfillment_status":null,"tax_lines":[],"tags":"","contact_email":"rrbiggs66@gmail.com","order_status_url":"https:\/\/thebigbowl15.myshopify.com\/8573616199\/orders\/16de9606613d0d1634a8713e8ca2fa85\/authenticate?key=294983c922df5448a04e18e9e144efbb","presentment_currency":"USD","total_line_items_price_set":{"shop_money":{"amount":"45.99","currency_code":"USD"},"presentment_money":{"amount":"45.99","currency_code":"USD"}},"total_discounts_set":{"shop_money":{"amount":"0.00","currency_code":"USD"},"presentment_money":{"amount":"0.00","currency_code":"USD"}},"total_shipping_price_set":{"shop_money":{"amount":"5.95","currency_code":"USD"},"presentment_money":{"amount":"5.95","currency_code":"USD"}},"subtotal_price_set":{"shop_money":{"amount":"45.99","currency_code":"USD"},"presentment_money":{"amount":"45.99","currency_code":"USD"}},"total_price_set":{"shop_money":{"amount":"51.94","currency_code":"USD"},"presentment_money":{"amount":"51.94","currency_code":"USD"}},"total_tax_set":{"shop_money":{"amount":"0.00","currency_code":"USD"},"presentment_money":{"amount":"0.00","currency_code":"USD"}},"total_tip_received":"0.0","admin_graphql_api_id":"gid:\/\/shopify\/Order\/1688648810567","line_items":[{"id":3755778441287,"variant_id":30080525828167,"title":"Patr Black And White V3","quantity":1,"sku":null,"variant_title":"2XL \/ HOODIE","vendor":"thebigbowl","fulfillment_service":"manual","product_id":3570370805831,"requires_shipping":true,"taxable":true,"gift_card":false,"name":"Patr Black And White V3 - 2XL \/ HOODIE","variant_inventory_management":null,"properties":[],"product_exists":true,"fulfillable_quantity":1,"grams":0,"price":"45.99","total_discount":"0.00","fulfillment_status":null,"price_set":{"shop_money":{"amount":"45.99","currency_code":"USD"},"presentment_money":{"amount":"45.99","currency_code":"USD"}},"total_discount_set":{"shop_money":{"amount":"0.00","currency_code":"USD"},"presentment_money":{"amount":"0.00","currency_code":"USD"}},"discount_allocations":[],"admin_graphql_api_id":"gid:\/\/shopify\/LineItem\/3755778441287","tax_lines":[],"origin_location":{"id":1538566651975,"country_code":"VN","province_code":"","name":"The Big Bowl","address1":"55 Ben Van Don","address2":"","city":"Ho Chi Minh City","zip":"100000"}}],"shipping_lines":[{"id":1370511835207,"title":"US Standard shipping with tracking code ( FREE ship for order over $100)","price":"5.95","code":"US Standard shipping with tracking code ( FREE ship for order over $100)","source":"shopify","phone":null,"requested_fulfillment_service_id":null,"delivery_category":null,"carrier_identifier":null,"discounted_price":"5.95","price_set":{"shop_money":{"amount":"5.95","currency_code":"USD"},"presentment_money":{"amount":"5.95","currency_code":"USD"}},"discounted_price_set":{"shop_money":{"amount":"5.95","currency_code":"USD"},"presentment_money":{"amount":"5.95","currency_code":"USD"}},"discount_allocations":[],"tax_lines":[]}],"billing_address":{"first_name":"Ronnie","address1":"38 Comfort St","phone":"7816082636","city":"BRIDGEWATER","zip":"02324","province":"Massachusetts","country":"United States","last_name":"bigley","address2":"","company":null,"latitude":42.0073091,"longitude":-70.97511089999999,"name":"Ronnie bigley","country_code":"US","province_code":"MA"},"shipping_address":{"first_name":"Ronnie","address1":"38 Comfort St","phone":"7816082636","city":"BRIDGEWATER","zip":"02324","province":"Massachusetts","country":"United States","last_name":"bigley","address2":"","company":null,"latitude":42.0073091,"longitude":-70.97511089999999,"name":"Ronnie bigley","country_code":"US","province_code":"MA"},"fulfillments":[],"client_details":{"browser_ip":"174.199.19.235","accept_language":"en-US,en;q=0.9,id;q=0.8","user_agent":"Mozilla\/5.0 (Linux; Android 9; SM-N960U) AppleWebKit\/537.36 (KHTML, like Gecko) Chrome\/77.0.3865.73 Mobile Safari\/537.36","session_hash":null,"browser_width":412,"browser_height":718},"refunds":[],"customer":{"id":2294540271687,"email":"rrbiggs66@gmail.com","accepts_marketing":false,"created_at":"2019-09-20T19:17:12-06:00","updated_at":"2019-09-20T19:19:14-06:00","first_name":"Ronnie","last_name":"bigley","orders_count":1,"state":"disabled","total_spent":"51.94","last_order_id":1688648810567,"note":null,"verified_email":true,"multipass_identifier":null,"tax_exempt":false,"phone":null,"tags":"","last_order_name":"#TBB151007","currency":"USD","accepts_marketing_updated_at":"2019-09-20T19:17:12-06:00","marketing_opt_in_level":null,"admin_graphql_api_id":"gid:\/\/shopify\/Customer\/2294540271687","default_address":{"id":2580929511495,"customer_id":2294540271687,"first_name":"Ronnie","last_name":"bigley","company":null,"address1":"38 Comfort St","address2":"","city":"BRIDGEWATER","province":"Massachusetts","country":"United States","zip":"02324","phone":"7816082636","name":"Ronnie bigley","province_code":"MA","country_code":"US","country_name":"United States","default":true}}},{"id":1688581210183,"email":"keithmg79@gmail.com","closed_at":null,"created_at":"2019-09-20T18:42:25-06:00","updated_at":"2019-09-20T18:42:28-06:00","number":6,"note":null,"token":"38279d34538147f7f45ebd75621e00c7","gateway":"paypal","test":false,"total_price":"96.93","subtotal_price":"90.98","total_weight":0,"total_tax":"0.00","taxes_included":false,"currency":"USD","financial_status":"paid","confirmed":true,"total_discounts":"0.00","total_line_items_price":"90.98","cart_token":"d409dc9538c82d566b0a21dda36b8319","buyer_accepts_marketing":false,"name":"#TBB151006","referring_site":"http:\/\/m.facebook.com\/","landing_site":"\/products\/patr-black-and-white-v3","cancelled_at":null,"cancel_reason":null,"total_price_usd":"96.93","checkout_token":"0c3d9710c55b8374f9f9ed921f2e2240","reference":null,"user_id":null,"location_id":null,"source_identifier":null,"source_url":null,"processed_at":"2019-09-20T18:42:24-06:00","device_id":null,"phone":null,"customer_locale":"en","app_id":580111,"browser_ip":"24.218.142.47","landing_site_ref":null,"order_number":1006,"discount_applications":[],"discount_codes":[],"note_attributes":[],"payment_gateway_names":["paypal"],"processing_method":"express","checkout_id":11230665605191,"source_name":"web","fulfillment_status":null,"tax_lines":[],"tags":"","contact_email":"keithmg79@gmail.com","order_status_url":"https:\/\/thebigbowl15.myshopify.com\/8573616199\/orders\/38279d34538147f7f45ebd75621e00c7\/authenticate?key=fb24a14c93781a5225f19fc6559d4eeb","presentment_currency":"USD","total_line_items_price_set":{"shop_money":{"amount":"90.98","currency_code":"USD"},"presentment_money":{"amount":"90.98","currency_code":"USD"}},"total_discounts_set":{"shop_money":{"amount":"0.00","currency_code":"USD"},"presentment_money":{"amount":"0.00","currency_code":"USD"}},"total_shipping_price_set":{"shop_money":{"amount":"5.95","currency_code":"USD"},"presentment_money":{"amount":"5.95","currency_code":"USD"}},"subtotal_price_set":{"shop_money":{"amount":"90.98","currency_code":"USD"},"presentment_money":{"amount":"90.98","currency_code":"USD"}},"total_price_set":{"shop_money":{"amount":"96.93","currency_code":"USD"},"presentment_money":{"amount":"96.93","currency_code":"USD"}},"total_tax_set":{"shop_money":{"amount":"0.00","currency_code":"USD"},"presentment_money":{"amount":"0.00","currency_code":"USD"}},"total_tip_received":"0.0","admin_graphql_api_id":"gid:\/\/shopify\/Order\/1688581210183","line_items":[{"id":3755679907911,"variant_id":30080525402183,"title":"Patr Black And White V3","quantity":1,"sku":null,"variant_title":"M \/ Long Sleeve","vendor":"thebigbowl","fulfillment_service":"manual","product_id":3570370805831,"requires_shipping":true,"taxable":true,"gift_card":false,"name":"Patr Black And White V3 - M \/ Long Sleeve","variant_inventory_management":null,"properties":[],"product_exists":true,"fulfillable_quantity":1,"grams":0,"price":"44.99","total_discount":"0.00","fulfillment_status":null,"price_set":{"shop_money":{"amount":"44.99","currency_code":"USD"},"presentment_money":{"amount":"44.99","currency_code":"USD"}},"total_discount_set":{"shop_money":{"amount":"0.00","currency_code":"USD"},"presentment_money":{"amount":"0.00","currency_code":"USD"}},"discount_allocations":[],"admin_graphql_api_id":"gid:\/\/shopify\/LineItem\/3755679907911","tax_lines":[],"origin_location":{"id":1538566651975,"country_code":"VN","province_code":"","name":"The Big Bowl","address1":"55 Ben Van Don","address2":"","city":"Ho Chi Minh City","zip":"100000"}},{"id":3755679940679,"variant_id":30080525500487,"title":"Patr Black And White V3","quantity":1,"sku":null,"variant_title":"L \/ HOODIE","vendor":"thebigbowl","fulfillment_service":"manual","product_id":3570370805831,"requires_shipping":true,"taxable":true,"gift_card":false,"name":"Patr Black And White V3 - L \/ HOODIE","variant_inventory_management":null,"properties":[],"product_exists":true,"fulfillable_quantity":1,"grams":0,"price":"45.99","total_discount":"0.00","fulfillment_status":null,"price_set":{"shop_money":{"amount":"45.99","currency_code":"USD"},"presentment_money":{"amount":"45.99","currency_code":"USD"}},"total_discount_set":{"shop_money":{"amount":"0.00","currency_code":"USD"},"presentment_money":{"amount":"0.00","currency_code":"USD"}},"discount_allocations":[],"admin_graphql_api_id":"gid:\/\/shopify\/LineItem\/3755679940679","tax_lines":[],"origin_location":{"id":1538566651975,"country_code":"VN","province_code":"","name":"The Big Bowl","address1":"55 Ben Van Don","address2":"","city":"Ho Chi Minh City","zip":"100000"}}],"shipping_lines":[{"id":1370449739847,"title":"US Standard shipping with tracking code ( FREE ship for order over $100)","price":"5.95","code":"US Standard shipping with tracking code ( FREE ship for order over $100)","source":"shopify","phone":null,"requested_fulfillment_service_id":null,"delivery_category":null,"carrier_identifier":null,"discounted_price":"5.95","price_set":{"shop_money":{"amount":"5.95","currency_code":"USD"},"presentment_money":{"amount":"5.95","currency_code":"USD"}},"discounted_price_set":{"shop_money":{"amount":"5.95","currency_code":"USD"},"presentment_money":{"amount":"5.95","currency_code":"USD"}},"discount_allocations":[],"tax_lines":[]}],"billing_address":{"first_name":"Keith","address1":"172 Summer Street","phone":"(857) 251-3404","city":"Waltham","zip":"02452","province":"Massachusetts","country":"United States","last_name":"Gaudet","address2":"Apt 1","company":null,"latitude":42.379956,"longitude":-71.2353548,"name":"Keith Gaudet","country_code":"US","province_code":"MA"},"shipping_address":{"first_name":"Keith","address1":"172 Summer Street","phone":"(857) 251-3404","city":"Waltham","zip":"02452","province":"Massachusetts","country":"United States","last_name":"Gaudet","address2":"Apt 1","company":null,"latitude":42.379956,"longitude":-71.2353548,"name":"Keith Gaudet","country_code":"US","province_code":"MA"},"fulfillments":[],"client_details":{"browser_ip":"24.218.142.47","accept_language":"en-US,en;q=0.9","user_agent":"Mozilla\/5.0 (Linux; Android 8.1.0; SM-J727T1 Build\/M1AJQ; wv) AppleWebKit\/537.36 (KHTML, like Gecko) Version\/4.0 Chrome\/77.0.3865.73 Mobile Safari\/537.36 [FB_IAB\/FB4A;FBAV\/238.0.0.41.116;]","session_hash":null,"browser_width":360,"browser_height":568},"refunds":[],"customer":{"id":2294506684487,"email":"keithmg79@gmail.com","accepts_marketing":false,"created_at":"2019-09-20T18:38:54-06:00","updated_at":"2019-09-20T18:42:25-06:00","first_name":"Keith","last_name":"Gaudet","orders_count":1,"state":"disabled","total_spent":"96.93","last_order_id":1688581210183,"note":null,"verified_email":true,"multipass_identifier":null,"tax_exempt":false,"phone":null,"tags":"","last_order_name":"#TBB151006","currency":"USD","accepts_marketing_updated_at":"2019-09-20T18:38:54-06:00","marketing_opt_in_level":null,"admin_graphql_api_id":"gid:\/\/shopify\/Customer\/2294506684487","default_address":{"id":2580885995591,"customer_id":2294506684487,"first_name":"Keith","last_name":"Gaudet","company":null,"address1":"172 Summer Street","address2":"Apt 1","city":"Waltham","province":"Massachusetts","country":"United States","zip":"02452","phone":"(857) 251-3404","name":"Keith Gaudet","province_code":"MA","country_code":"US","country_name":"United States","default":true}}},{"id":1688559222855,"email":"shytyoka@aol.com","closed_at":null,"created_at":"2019-09-20T18:16:17-06:00","updated_at":"2019-09-20T18:16:24-06:00","number":5,"note":null,"token":"a3082c4bf23a2f1f2fbebd6ed3c6e745","gateway":"paypal","test":false,"total_price":"49.65","subtotal_price":"43.70","total_weight":0,"total_tax":"0.00","taxes_included":false,"currency":"USD","financial_status":"paid","confirmed":true,"total_discounts":"2.29","total_line_items_price":"45.99","cart_token":"015b226c85a7c0b14c9266ae6eeaf6a7","buyer_accepts_marketing":false,"name":"#TBB151005","referring_site":"","landing_site":"\/","cancelled_at":null,"cancel_reason":null,"total_price_usd":"49.65","checkout_token":"e9ed994ecbaef65b38d6b0ee7988ffe6","reference":null,"user_id":null,"location_id":null,"source_identifier":null,"source_url":null,"processed_at":"2019-09-20T18:16:17-06:00","device_id":null,"phone":null,"customer_locale":"en","app_id":580111,"browser_ip":"71.232.93.187","landing_site_ref":null,"order_number":1005,"discount_applications":[{"type":"discount_code","value":"5.0","value_type":"percentage","allocation_method":"across","target_selection":"all","target_type":"line_item","code":"JOY5"}],"discount_codes":[{"code":"JOY5","amount":"2.29","type":"percentage"}],"note_attributes":[],"payment_gateway_names":["paypal"],"processing_method":"express","checkout_id":11230526013511,"source_name":"web","fulfillment_status":null,"tax_lines":[],"tags":"","contact_email":"shytyoka@aol.com","order_status_url":"https:\/\/thebigbowl15.myshopify.com\/8573616199\/orders\/a3082c4bf23a2f1f2fbebd6ed3c6e745\/authenticate?key=07b44f640adb6f8edd20181db871e5ba","presentment_currency":"USD","total_line_items_price_set":{"shop_money":{"amount":"45.99","currency_code":"USD"},"presentment_money":{"amount":"45.99","currency_code":"USD"}},"total_discounts_set":{"shop_money":{"amount":"2.29","currency_code":"USD"},"presentment_money":{"amount":"2.29","currency_code":"USD"}},"total_shipping_price_set":{"shop_money":{"amount":"5.95","currency_code":"USD"},"presentment_money":{"amount":"5.95","currency_code":"USD"}},"subtotal_price_set":{"shop_money":{"amount":"43.70","currency_code":"USD"},"presentment_money":{"amount":"43.70","currency_code":"USD"}},"total_price_set":{"shop_money":{"amount":"49.65","currency_code":"USD"},"presentment_money":{"amount":"49.65","currency_code":"USD"}},"total_tax_set":{"shop_money":{"amount":"0.00","currency_code":"USD"},"presentment_money":{"amount":"0.00","currency_code":"USD"}},"total_tip_received":"0.0","admin_graphql_api_id":"gid:\/\/shopify\/Order\/1688559222855","line_items":[{"id":3755640815687,"variant_id":30157119225927,"title":"Chie Jack Color","quantity":1,"sku":null,"variant_title":"2XL \/ HOODIE","vendor":"thebigbowl","fulfillment_service":"manual","product_id":4114610389063,"requires_shipping":true,"taxable":true,"gift_card":false,"name":"Chie Jack Color - 2XL \/ HOODIE","variant_inventory_management":null,"properties":[],"product_exists":true,"fulfillable_quantity":1,"grams":0,"price":"45.99","total_discount":"0.00","fulfillment_status":null,"price_set":{"shop_money":{"amount":"45.99","currency_code":"USD"},"presentment_money":{"amount":"45.99","currency_code":"USD"}},"total_discount_set":{"shop_money":{"amount":"0.00","currency_code":"USD"},"presentment_money":{"amount":"0.00","currency_code":"USD"}},"discount_allocations":[{"amount":"2.29","discount_application_index":0,"amount_set":{"shop_money":{"amount":"2.29","currency_code":"USD"},"presentment_money":{"amount":"2.29","currency_code":"USD"}}}],"admin_graphql_api_id":"gid:\/\/shopify\/LineItem\/3755640815687","tax_lines":[],"origin_location":{"id":1538566651975,"country_code":"VN","province_code":"","name":"The Big Bowl","address1":"55 Ben Van Don","address2":"","city":"Ho Chi Minh City","zip":"100000"}}],"shipping_lines":[{"id":1370431127623,"title":"US Standard shipping with tracking code ( FREE ship for order over $100)","price":"5.95","code":"US Standard shipping with tracking code ( FREE ship for order over $100)","source":"shopify","phone":null,"requested_fulfillment_service_id":null,"delivery_category":null,"carrier_identifier":null,"discounted_price":"5.95","price_set":{"shop_money":{"amount":"5.95","currency_code":"USD"},"presentment_money":{"amount":"5.95","currency_code":"USD"}},"discounted_price_set":{"shop_money":{"amount":"5.95","currency_code":"USD"},"presentment_money":{"amount":"5.95","currency_code":"USD"}},"discount_allocations":[],"tax_lines":[]}],"billing_address":{"first_name":"TYOKA","address1":"4 Warner Place","phone":"17184041749","city":"WATERBURY","zip":"06704-2853","province":"Connecticut","country":"United States","last_name":"BRUMFIELD","address2":"Unit E","company":null,"latitude":null,"longitude":null,"name":"TYOKA BRUMFIELD","country_code":"US","province_code":"CT"},"shipping_address":{"first_name":"TYOKA","address1":"4 Warner Place","phone":"17184041749","city":"WATERBURY","zip":"06704-2853","province":"Connecticut","country":"United States","last_name":"BRUMFIELD","address2":"Unit E","company":null,"latitude":null,"longitude":null,"name":"TYOKA BRUMFIELD","country_code":"US","province_code":"CT"},"fulfillments":[],"client_details":{"browser_ip":"71.232.93.187","accept_language":"en-US,en;q=0.9","user_agent":"Mozilla\/5.0 (Linux; Android 9; SAMSUNG SM-J737T) AppleWebKit\/537.36 (KHTML, like Gecko) SamsungBrowser\/10.1 Chrome\/71.0.3578.99 Mobile Safari\/537.36","session_hash":null,"browser_width":412,"browser_height":708},"refunds":[],"customer":{"id":2294151512135,"email":"shytyoka@aol.com","accepts_marketing":false,"created_at":"2019-09-20T12:52:23-06:00","updated_at":"2019-09-20T18:16:18-06:00","first_name":"TYOKA","last_name":"BRUMFIELD","orders_count":1,"state":"disabled","total_spent":"49.65","last_order_id":1688559222855,"note":null,"verified_email":true,"multipass_identifier":null,"tax_exempt":false,"phone":null,"tags":"","last_order_name":"#TBB151005","currency":"USD","accepts_marketing_updated_at":"2019-09-20T12:52:23-06:00","marketing_opt_in_level":null,"admin_graphql_api_id":"gid:\/\/shopify\/Customer\/2294151512135","default_address":{"id":2580863746119,"customer_id":2294151512135,"first_name":"TYOKA","last_name":"BRUMFIELD","company":null,"address1":"4 Warner Place","address2":"Unit E","city":"WATERBURY","province":"Connecticut","country":"United States","zip":"06704-2853","phone":"17184041749","name":"TYOKA BRUMFIELD","province_code":"CT","country_code":"US","country_name":"United States","default":true}}},{"id":1688531075143,"email":"rhinda53@gmail.com","closed_at":null,"created_at":"2019-09-20T17:43:05-06:00","updated_at":"2019-09-20T17:43:08-06:00","number":4,"note":null,"token":"aef307127f45f1178993434ef63c6720","gateway":"paypal","test":false,"total_price":"51.94","subtotal_price":"45.99","total_weight":0,"total_tax":"0.00","taxes_included":false,"currency":"USD","financial_status":"paid","confirmed":true,"total_discounts":"0.00","total_line_items_price":"45.99","cart_token":"80e647b30cb40b22eeb17be4f65a0334","buyer_accepts_marketing":false,"name":"#TBB151004","referring_site":"http:\/\/m.facebook.com","landing_site":"\/products\/patr-black-and-white-v3","cancelled_at":null,"cancel_reason":null,"total_price_usd":"51.94","checkout_token":"698bf5a1da57956a1900803e8d4978e3","reference":null,"user_id":null,"location_id":null,"source_identifier":null,"source_url":null,"processed_at":"2019-09-20T17:43:04-06:00","device_id":null,"phone":null,"customer_locale":"en","app_id":580111,"browser_ip":"216.165.247.164","landing_site_ref":null,"order_number":1004,"discount_applications":[],"discount_codes":[],"note_attributes":[],"payment_gateway_names":["paypal"],"processing_method":"express","checkout_id":11230281662535,"source_name":"web","fulfillment_status":null,"tax_lines":[],"tags":"","contact_email":"rhinda53@gmail.com","order_status_url":"https:\/\/thebigbowl15.myshopify.com\/8573616199\/orders\/aef307127f45f1178993434ef63c6720\/authenticate?key=0bdea972a0e84841609d0503668cf02a","presentment_currency":"USD","total_line_items_price_set":{"shop_money":{"amount":"45.99","currency_code":"USD"},"presentment_money":{"amount":"45.99","currency_code":"USD"}},"total_discounts_set":{"shop_money":{"amount":"0.00","currency_code":"USD"},"presentment_money":{"amount":"0.00","currency_code":"USD"}},"total_shipping_price_set":{"shop_money":{"amount":"5.95","currency_code":"USD"},"presentment_money":{"amount":"5.95","currency_code":"USD"}},"subtotal_price_set":{"shop_money":{"amount":"45.99","currency_code":"USD"},"presentment_money":{"amount":"45.99","currency_code":"USD"}},"total_price_set":{"shop_money":{"amount":"51.94","currency_code":"USD"},"presentment_money":{"amount":"51.94","currency_code":"USD"}},"total_tax_set":{"shop_money":{"amount":"0.00","currency_code":"USD"},"presentment_money":{"amount":"0.00","currency_code":"USD"}},"total_tip_received":"0.0","admin_graphql_api_id":"gid:\/\/shopify\/Order\/1688531075143","line_items":[{"id":3755589402695,"variant_id":30080525664327,"title":"Patr Black And White V3","quantity":1,"sku":null,"variant_title":"XL \/ HOODIE","vendor":"thebigbowl","fulfillment_service":"manual","product_id":3570370805831,"requires_shipping":true,"taxable":true,"gift_card":false,"name":"Patr Black And White V3 - XL \/ HOODIE","variant_inventory_management":null,"properties":[],"product_exists":true,"fulfillable_quantity":1,"grams":0,"price":"45.99","total_discount":"0.00","fulfillment_status":null,"price_set":{"shop_money":{"amount":"45.99","currency_code":"USD"},"presentment_money":{"amount":"45.99","currency_code":"USD"}},"total_discount_set":{"shop_money":{"amount":"0.00","currency_code":"USD"},"presentment_money":{"amount":"0.00","currency_code":"USD"}},"discount_allocations":[],"admin_graphql_api_id":"gid:\/\/shopify\/LineItem\/3755589402695","tax_lines":[],"origin_location":{"id":1538566651975,"country_code":"VN","province_code":"","name":"The Big Bowl","address1":"55 Ben Van Don","address2":"","city":"Ho Chi Minh City","zip":"100000"}}],"shipping_lines":[{"id":1370407141447,"title":"US Standard shipping with tracking code ( FREE ship for order over $100)","price":"5.95","code":"US Standard shipping with tracking code ( FREE ship for order over $100)","source":"shopify","phone":null,"requested_fulfillment_service_id":null,"delivery_category":null,"carrier_identifier":null,"discounted_price":"5.95","price_set":{"shop_money":{"amount":"5.95","currency_code":"USD"},"presentment_money":{"amount":"5.95","currency_code":"USD"}},"discounted_price_set":{"shop_money":{"amount":"5.95","currency_code":"USD"},"presentment_money":{"amount":"5.95","currency_code":"USD"}},"discount_allocations":[],"tax_lines":[]}],"billing_address":{"first_name":"Rhinda","address1":"519 Linwood Avenue","phone":"(626) 367-7020","city":"Monrovia","zip":"91016","province":"California","country":"United States","last_name":"Thomas","address2":"","company":null,"latitude":34.1503911,"longitude":-118.0106262,"name":"Rhinda Thomas","country_code":"US","province_code":"CA"},"shipping_address":{"first_name":"Rhinda","address1":"519 Linwood Avenue","phone":"(626) 367-7020","city":"Monrovia","zip":"91016","province":"California","country":"United States","last_name":"Thomas","address2":"","company":null,"latitude":34.1503911,"longitude":-118.0106262,"name":"Rhinda Thomas","country_code":"US","province_code":"CA"},"fulfillments":[],"client_details":{"browser_ip":"216.165.247.164","accept_language":"en-us","user_agent":"Mozilla\/5.0 (iPad; CPU OS 12_4_1 like Mac OS X) AppleWebKit\/605.1.15 (KHTML, like Gecko) Mobile\/15E148 [FBAN\/FBIOS;FBDV\/iPad4,1;FBMD\/iPad;FBSN\/iOS;FBSV\/12.4.1;FBSS\/2;FBID\/tablet;FBLC\/en_US;FBOP\/5;FBCR\/]","session_hash":null,"browser_width":1024,"browser_height":682},"refunds":[],"customer":{"id":2294454353991,"email":"rhinda53@gmail.com","accepts_marketing":false,"created_at":"2019-09-20T17:37:51-06:00","updated_at":"2019-09-20T17:43:05-06:00","first_name":"Rhinda","last_name":"Thomas","orders_count":1,"state":"disabled","total_spent":"51.94","last_order_id":1688531075143,"note":null,"verified_email":true,"multipass_identifier":null,"tax_exempt":false,"phone":null,"tags":"","last_order_name":"#TBB151004","currency":"USD","accepts_marketing_updated_at":"2019-09-20T17:37:51-06:00","marketing_opt_in_level":null,"admin_graphql_api_id":"gid:\/\/shopify\/Customer\/2294454353991","default_address":{"id":2580825342023,"customer_id":2294454353991,"first_name":"Rhinda","last_name":"Thomas","company":null,"address1":"519 Linwood Avenue","address2":"","city":"Monrovia","province":"California","country":"United States","zip":"91016","phone":"(626) 367-7020","name":"Rhinda Thomas","province_code":"CA","country_code":"US","country_name":"United States","default":true}}},{"id":1688497913927,"email":"kritzwilliam207@gmail.com","closed_at":null,"created_at":"2019-09-20T17:04:19-06:00","updated_at":"2019-09-20T17:04:26-06:00","number":3,"note":null,"token":"23c6f6eca6cc6dc73a45ceaeff887ec8","gateway":"paypal","test":false,"total_price":"51.94","subtotal_price":"45.99","total_weight":0,"total_tax":"0.00","taxes_included":false,"currency":"USD","financial_status":"paid","confirmed":true,"total_discounts":"0.00","total_line_items_price":"45.99","cart_token":"f13d8eadbbb5916bc3c579845d26aa96","buyer_accepts_marketing":false,"name":"#TBB151003","referring_site":"http:\/\/m.facebook.com\/","landing_site":"\/products\/patr-black-and-white-v3","cancelled_at":null,"cancel_reason":null,"total_price_usd":"51.94","checkout_token":"1fb4ea8623b21acc37530ab286c0c455","reference":null,"user_id":null,"location_id":null,"source_identifier":null,"source_url":null,"processed_at":"2019-09-20T17:04:18-06:00","device_id":null,"phone":null,"customer_locale":"en","app_id":580111,"browser_ip":"172.58.29.80","landing_site_ref":null,"order_number":1003,"discount_applications":[],"discount_codes":[],"note_attributes":[],"payment_gateway_names":["paypal"],"processing_method":"express","checkout_id":11230057857095,"source_name":"web","fulfillment_status":null,"tax_lines":[],"tags":"","contact_email":"kritzwilliam207@gmail.com","order_status_url":"https:\/\/thebigbowl15.myshopify.com\/8573616199\/orders\/23c6f6eca6cc6dc73a45ceaeff887ec8\/authenticate?key=b02c2e2dd28ce1510a75b6623815635d","presentment_currency":"USD","total_line_items_price_set":{"shop_money":{"amount":"45.99","currency_code":"USD"},"presentment_money":{"amount":"45.99","currency_code":"USD"}},"total_discounts_set":{"shop_money":{"amount":"0.00","currency_code":"USD"},"presentment_money":{"amount":"0.00","currency_code":"USD"}},"total_shipping_price_set":{"shop_money":{"amount":"5.95","currency_code":"USD"},"presentment_money":{"amount":"5.95","currency_code":"USD"}},"subtotal_price_set":{"shop_money":{"amount":"45.99","currency_code":"USD"},"presentment_money":{"amount":"45.99","currency_code":"USD"}},"total_price_set":{"shop_money":{"amount":"51.94","currency_code":"USD"},"presentment_money":{"amount":"51.94","currency_code":"USD"}},"total_tax_set":{"shop_money":{"amount":"0.00","currency_code":"USD"},"presentment_money":{"amount":"0.00","currency_code":"USD"}},"total_tip_received":"0.0","admin_graphql_api_id":"gid:\/\/shopify\/Order\/1688497913927","line_items":[{"id":3755528847431,"variant_id":30080525664327,"title":"Patr Black And White V3","quantity":1,"sku":null,"variant_title":"XL \/ HOODIE","vendor":"thebigbowl","fulfillment_service":"manual","product_id":3570370805831,"requires_shipping":true,"taxable":true,"gift_card":false,"name":"Patr Black And White V3 - XL \/ HOODIE","variant_inventory_management":null,"properties":[],"product_exists":true,"fulfillable_quantity":1,"grams":0,"price":"45.99","total_discount":"0.00","fulfillment_status":null,"price_set":{"shop_money":{"amount":"45.99","currency_code":"USD"},"presentment_money":{"amount":"45.99","currency_code":"USD"}},"total_discount_set":{"shop_money":{"amount":"0.00","currency_code":"USD"},"presentment_money":{"amount":"0.00","currency_code":"USD"}},"discount_allocations":[],"admin_graphql_api_id":"gid:\/\/shopify\/LineItem\/3755528847431","tax_lines":[],"origin_location":{"id":1538566651975,"country_code":"VN","province_code":"","name":"The Big Bowl","address1":"55 Ben Van Don","address2":"","city":"Ho Chi Minh City","zip":"100000"}}],"shipping_lines":[{"id":1370380042311,"title":"US Standard shipping with tracking code ( FREE ship for order over $100)","price":"5.95","code":"US Standard shipping with tracking code ( FREE ship for order over $100)","source":"shopify","phone":null,"requested_fulfillment_service_id":null,"delivery_category":null,"carrier_identifier":null,"discounted_price":"5.95","price_set":{"shop_money":{"amount":"5.95","currency_code":"USD"},"presentment_money":{"amount":"5.95","currency_code":"USD"}},"discounted_price_set":{"shop_money":{"amount":"5.95","currency_code":"USD"},"presentment_money":{"amount":"5.95","currency_code":"USD"}},"discount_allocations":[],"tax_lines":[]}],"billing_address":{"first_name":"William","address1":"8448 Buckthorn Avenue","phone":"(760) 605-0371","city":"Hesperia","zip":"92345","province":"California","country":"United States","last_name":"Kritz","address2":"","company":null,"latitude":34.4045616,"longitude":-117.2874051,"name":"William Kritz","country_code":"US","province_code":"CA"},"shipping_address":{"first_name":"William","address1":"8448 Buckthorn Avenue","phone":"(760) 605-0371","city":"Hesperia","zip":"92345","province":"California","country":"United States","last_name":"Kritz","address2":"","company":null,"latitude":34.4045616,"longitude":-117.2874051,"name":"William Kritz","country_code":"US","province_code":"CA"},"fulfillments":[],"client_details":{"browser_ip":"172.58.29.80","accept_language":"en-US,en;q=0.9","user_agent":"Mozilla\/5.0 (Linux; Android 6.0.1; 5056N Build\/MMB29M; wv) AppleWebKit\/537.36 (KHTML, like Gecko) Version\/4.0 Chrome\/76.0.3809.132 Mobile Safari\/537.36 [FB_IAB\/FB4A;FBAV\/236.0.0.40.117;]","session_hash":null,"browser_width":360,"browser_height":568},"refunds":[],"customer":{"id":2294421651527,"email":"kritzwilliam207@gmail.com","accepts_marketing":false,"created_at":"2019-09-20T17:01:46-06:00","updated_at":"2019-09-20T17:04:19-06:00","first_name":"William","last_name":"Kritz","orders_count":1,"state":"disabled","total_spent":"51.94","last_order_id":1688497913927,"note":null,"verified_email":true,"multipass_identifier":null,"tax_exempt":false,"phone":null,"tags":"","last_order_name":"#TBB151003","currency":"USD","accepts_marketing_updated_at":"2019-09-20T17:01:46-06:00","marketing_opt_in_level":null,"admin_graphql_api_id":"gid:\/\/shopify\/Customer\/2294421651527","default_address":{"id":2580791230535,"customer_id":2294421651527,"first_name":"William","last_name":"Kritz","company":null,"address1":"8448 Buckthorn Avenue","address2":"","city":"Hesperia","province":"California","country":"United States","zip":"92345","phone":"(760) 605-0371","name":"William Kritz","province_code":"CA","country_code":"US","country_name":"United States","default":true}}},{"id":1688455184455,"email":"conman198456@gmail.com","closed_at":null,"created_at":"2019-09-20T16:17:10-06:00","updated_at":"2019-09-20T16:17:17-06:00","number":2,"note":"","token":"91d7eb14bfd92588a5f3ed6f0fe56d47","gateway":"paypal","test":false,"total_price":"62.95","subtotal_price":"57.00","total_weight":0,"total_tax":"0.00","taxes_included":false,"currency":"USD","financial_status":"paid","confirmed":true,"total_discounts":"2.99","total_line_items_price":"59.99","cart_token":"","buyer_accepts_marketing":false,"name":"#TBB151002","referring_site":"https:\/\/thebigbowl15.myshopify.com\/cart","landing_site":"\/8573616199\/invoices\/8c05999dc61676edf2d12139c01296bd","cancelled_at":null,"cancel_reason":null,"total_price_usd":"62.95","checkout_token":"21f50ab59358e7383d9f72f7d70ae99d","reference":null,"user_id":null,"location_id":19175538759,"source_identifier":null,"source_url":null,"processed_at":"2019-09-20T16:17:09-06:00","device_id":null,"phone":null,"customer_locale":null,"app_id":1354745,"browser_ip":"68.45.120.158","landing_site_ref":null,"order_number":1002,"discount_applications":[{"type":"manual","value":"5.0","value_type":"percentage","allocation_method":"one","target_selection":"explicit","target_type":"line_item","description":"Percentage Discount","title":"Percentage Discount"}],"discount_codes":[],"note_attributes":[],"payment_gateway_names":["paypal"],"processing_method":"express","checkout_id":11229769662535,"source_name":"web","fulfillment_status":null,"tax_lines":[],"tags":"","contact_email":"conman198456@gmail.com","order_status_url":"https:\/\/thebigbowl15.myshopify.com\/8573616199\/orders\/91d7eb14bfd92588a5f3ed6f0fe56d47\/authenticate?key=884a9a9b14fd9b467f2fbdb2ec607794","presentment_currency":"USD","total_line_items_price_set":{"shop_money":{"amount":"59.99","currency_code":"USD"},"presentment_money":{"amount":"59.99","currency_code":"USD"}},"total_discounts_set":{"shop_money":{"amount":"2.99","currency_code":"USD"},"presentment_money":{"amount":"2.99","currency_code":"USD"}},"total_shipping_price_set":{"shop_money":{"amount":"5.95","currency_code":"USD"},"presentment_money":{"amount":"5.95","currency_code":"USD"}},"subtotal_price_set":{"shop_money":{"amount":"57.00","currency_code":"USD"},"presentment_money":{"amount":"57.00","currency_code":"USD"}},"total_price_set":{"shop_money":{"amount":"62.95","currency_code":"USD"},"presentment_money":{"amount":"62.95","currency_code":"USD"}},"total_tax_set":{"shop_money":{"amount":"0.00","currency_code":"USD"},"presentment_money":{"amount":"0.00","currency_code":"USD"}},"total_tip_received":"0.0","admin_graphql_api_id":"gid:\/\/shopify\/Order\/1688455184455","line_items":[{"id":3755449483335,"variant_id":30080190382151,"title":"I.Hoos Black And White V3","quantity":1,"sku":null,"variant_title":"3XL \/ ZIP HOODIE","vendor":"thebigbowl","fulfillment_service":"manual","product_id":3570337710151,"requires_shipping":true,"taxable":true,"gift_card":false,"name":"I.Hoos Black And White V3 - 3XL \/ ZIP HOODIE","variant_inventory_management":null,"properties":[],"product_exists":true,"fulfillable_quantity":1,"grams":0,"price":"59.99","total_discount":"2.99","fulfillment_status":null,"price_set":{"shop_money":{"amount":"59.99","currency_code":"USD"},"presentment_money":{"amount":"59.99","currency_code":"USD"}},"total_discount_set":{"shop_money":{"amount":"2.99","currency_code":"USD"},"presentment_money":{"amount":"2.99","currency_code":"USD"}},"discount_allocations":[{"amount":"2.99","discount_application_index":0,"amount_set":{"shop_money":{"amount":"2.99","currency_code":"USD"},"presentment_money":{"amount":"2.99","currency_code":"USD"}}}],"admin_graphql_api_id":"gid:\/\/shopify\/LineItem\/3755449483335","tax_lines":[],"origin_location":{"id":1538566651975,"country_code":"VN","province_code":"","name":"The Big Bowl","address1":"55 Ben Van Don","address2":"","city":"Ho Chi Minh City","zip":"100000"},"destination_location":{"id":1541282627655,"country_code":"US","province_code":"IN","name":"Conner Hull","address1":"118 West Jay Street","address2":"","city":"Dunkirk","zip":"47336"}}],"shipping_lines":[{"id":1370345275463,"title":"US Standard shipping with tracking code ( FREE ship for order over $100)","price":"5.95","code":"US Standard shipping with tracking code ( FREE ship for order over $100)","source":"shopify","phone":null,"requested_fulfillment_service_id":null,"delivery_category":null,"carrier_identifier":null,"discounted_price":"5.95","price_set":{"shop_money":{"amount":"5.95","currency_code":"USD"},"presentment_money":{"amount":"5.95","currency_code":"USD"}},"discounted_price_set":{"shop_money":{"amount":"5.95","currency_code":"USD"},"presentment_money":{"amount":"5.95","currency_code":"USD"}},"discount_allocations":[],"tax_lines":[]}],"billing_address":{"first_name":"Conner","address1":"118 West Jay Street","phone":"(765) 209-0034","city":"Dunkirk","zip":"47336","province":"Indiana","country":"United States","last_name":"Hull","address2":"","company":null,"latitude":40.372462,"longitude":-85.2126559,"name":"Conner Hull","country_code":"US","province_code":"IN"},"shipping_address":{"first_name":"Conner","address1":"118 West Jay Street","phone":"(765) 209-0034","city":"Dunkirk","zip":"47336","province":"Indiana","country":"United States","last_name":"Hull","address2":"","company":null,"latitude":40.372462,"longitude":-85.2126559,"name":"Conner Hull","country_code":"US","province_code":"IN"},"fulfillments":[],"client_details":{"browser_ip":"68.45.120.158","accept_language":"en-US,en;q=0.9","user_agent":"Mozilla\/5.0 (Linux; Android 8.1.0; LML713DL Build\/OPM1.171019.019; wv) AppleWebKit\/537.36 (KHTML, like Gecko) Version\/4.0 Chrome\/76.0.3809.132 Mobile Safari\/537.36 [FB_IAB\/FB4A;FBAV\/239.0.0.41.152;]","session_hash":"25a5ae535dda73540a98158c4875481e","browser_width":412,"browser_height":703},"refunds":[],"customer":{"id":2294375219271,"email":"conman198456@gmail.com","accepts_marketing":false,"created_at":"2019-09-20T16:11:06-06:00","updated_at":"2019-09-20T16:17:11-06:00","first_name":"Conner","last_name":"Hull","orders_count":1,"state":"disabled","total_spent":"62.95","last_order_id":1688455184455,"note":null,"verified_email":true,"multipass_identifier":null,"tax_exempt":false,"phone":null,"tags":"","last_order_name":"#TBB151002","currency":"USD","accepts_marketing_updated_at":"2019-09-20T16:11:06-06:00","marketing_opt_in_level":null,"tax_exemptions":[],"admin_graphql_api_id":"gid:\/\/shopify\/Customer\/2294375219271","default_address":{"id":2580740046919,"customer_id":2294375219271,"first_name":"Conner","last_name":"Hull","company":null,"address1":"118 West Jay Street","address2":"","city":"Dunkirk","province":"Indiana","country":"United States","zip":"47336","phone":"(765) 209-0034","name":"Conner Hull","province_code":"IN","country_code":"US","country_name":"United States","default":true}}},{"id":1688399642695,"email":"shinning22@hotmail.com","closed_at":null,"created_at":"2019-09-20T15:23:42-06:00","updated_at":"2019-09-20T15:23:47-06:00","number":1,"note":null,"token":"e8fc13a1ae4b3c555ab486168cde89df","gateway":"paypal","test":false,"total_price":"66.94","subtotal_price":"59.99","total_weight":0,"total_tax":"0.00","taxes_included":false,"currency":"USD","financial_status":"paid","confirmed":true,"total_discounts":"0.00","total_line_items_price":"59.99","cart_token":"4fd0838650641d0ed6b284ca6d76144b","buyer_accepts_marketing":true,"name":"#TBB151001","referring_site":"http:\/\/m.facebook.com\/","landing_site":"\/products\/patr-black-and-white-v3","cancelled_at":null,"cancel_reason":null,"total_price_usd":"66.94","checkout_token":"1c46eec864218787275badb20dd60431","reference":null,"user_id":null,"location_id":null,"source_identifier":null,"source_url":null,"processed_at":"2019-09-20T15:23:41-06:00","device_id":null,"phone":null,"customer_locale":"en","app_id":580111,"browser_ip":"70.83.119.140","landing_site_ref":null,"order_number":1001,"discount_applications":[],"discount_codes":[],"note_attributes":[],"payment_gateway_names":["paypal"],"processing_method":"express","checkout_id":11229415145543,"source_name":"web","fulfillment_status":null,"tax_lines":[],"tags":"","contact_email":"shinning22@hotmail.com","order_status_url":"https:\/\/thebigbowl15.myshopify.com\/8573616199\/orders\/e8fc13a1ae4b3c555ab486168cde89df\/authenticate?key=2e4c303130db7f5aa5e60a7589501ec5","presentment_currency":"USD","total_line_items_price_set":{"shop_money":{"amount":"59.99","currency_code":"USD"},"presentment_money":{"amount":"59.99","currency_code":"USD"}},"total_discounts_set":{"shop_money":{"amount":"0.00","currency_code":"USD"},"presentment_money":{"amount":"0.00","currency_code":"USD"}},"total_shipping_price_set":{"shop_money":{"amount":"6.95","currency_code":"USD"},"presentment_money":{"amount":"6.95","currency_code":"USD"}},"subtotal_price_set":{"shop_money":{"amount":"59.99","currency_code":"USD"},"presentment_money":{"amount":"59.99","currency_code":"USD"}},"total_price_set":{"shop_money":{"amount":"66.94","currency_code":"USD"},"presentment_money":{"amount":"66.94","currency_code":"USD"}},"total_tax_set":{"shop_money":{"amount":"0.00","currency_code":"USD"},"presentment_money":{"amount":"0.00","currency_code":"USD"}},"total_tip_received":"0.0","admin_graphql_api_id":"gid:\/\/shopify\/Order\/1688399642695","line_items":[{"id":3755344494663,"variant_id":30080525860935,"title":"Patr Black And White V3","quantity":1,"sku":null,"variant_title":"2XL \/ ZIP HOODIE","vendor":"thebigbowl","fulfillment_service":"manual","product_id":3570370805831,"requires_shipping":true,"taxable":true,"gift_card":false,"name":"Patr Black And White V3 - 2XL \/ ZIP HOODIE","variant_inventory_management":null,"properties":[],"product_exists":true,"fulfillable_quantity":1,"grams":0,"price":"59.99","total_discount":"0.00","fulfillment_status":null,"price_set":{"shop_money":{"amount":"59.99","currency_code":"USD"},"presentment_money":{"amount":"59.99","currency_code":"USD"}},"total_discount_set":{"shop_money":{"amount":"0.00","currency_code":"USD"},"presentment_money":{"amount":"0.00","currency_code":"USD"}},"discount_allocations":[],"admin_graphql_api_id":"gid:\/\/shopify\/LineItem\/3755344494663","tax_lines":[],"origin_location":{"id":1538566651975,"country_code":"VN","province_code":"","name":"The Big Bowl","address1":"55 Ben Van Don","address2":"","city":"Ho Chi Minh City","zip":"100000"}}],"shipping_lines":[{"id":1370300219463,"title":"International Standard shipping with tracking code ( FREE ship for order over $100","price":"6.95","code":"International Standard shipping with tracking code ( FREE ship for order over $100","source":"shopify","phone":null,"requested_fulfillment_service_id":null,"delivery_category":null,"carrier_identifier":null,"discounted_price":"6.95","price_set":{"shop_money":{"amount":"6.95","currency_code":"USD"},"presentment_money":{"amount":"6.95","currency_code":"USD"}},"discounted_price_set":{"shop_money":{"amount":"6.95","currency_code":"USD"},"presentment_money":{"amount":"6.95","currency_code":"USD"}},"discount_allocations":[],"tax_lines":[]}],"billing_address":{"first_name":"Eric","address1":"4730 Boulevard de l'Ormière","phone":"(581) 982-7258","city":"Québec","zip":"G1P 1K5","province":"Quebec","country":"Canada","last_name":"Okeefe","address2":"#17","company":null,"latitude":46.8174607,"longitude":-71.3295544,"name":"Eric Okeefe","country_code":"CA","province_code":"QC"},"shipping_address":{"first_name":"Eric","address1":"4730 Boulevard de l'Ormière","phone":"(581) 982-7258","city":"Québec","zip":"G1P 1K5","province":"Quebec","country":"Canada","last_name":"Okeefe","address2":"#17","company":null,"latitude":46.8174607,"longitude":-71.3295544,"name":"Eric Okeefe","country_code":"CA","province_code":"QC"},"fulfillments":[],"client_details":{"browser_ip":"70.83.119.140","accept_language":"fr-CA,fr;q=0.9,en-US;q=0.8,en;q=0.7","user_agent":"Mozilla\/5.0 (Linux; Android 9; SM-G975W Build\/PPR1.180610.011; wv) AppleWebKit\/537.36 (KHTML, like Gecko) Version\/4.0 Chrome\/76.0.3809.132 Mobile Safari\/537.36 [FB_IAB\/FB4A;FBAV\/239.0.0.41.152;]","session_hash":null,"browser_width":412,"browser_height":732},"refunds":[],"customer":{"id":2294322298951,"email":"shinning22@hotmail.com","accepts_marketing":true,"created_at":"2019-09-20T15:19:20-06:00","updated_at":"2019-09-20T15:23:42-06:00","first_name":"Eric","last_name":"Okeefe","orders_count":1,"state":"disabled","total_spent":"66.94","last_order_id":1688399642695,"note":null,"verified_email":true,"multipass_identifier":null,"tax_exempt":false,"phone":null,"tags":"","last_order_name":"#TBB151001","currency":"USD","accepts_marketing_updated_at":"2019-09-20T15:19:20-06:00","marketing_opt_in_level":"single_opt_in","tax_exemptions":[],"admin_graphql_api_id":"gid:\/\/shopify\/Customer\/2294322298951","default_address":{"id":2580681818183,"customer_id":2294322298951,"first_name":"Eric","last_name":"Okeefe","company":null,"address1":"4730 Boulevard de l'Ormière","address2":"#17","city":"Québec","province":"Quebec","country":"Canada","zip":"G1P 1K5","phone":"(581) 982-7258","name":"Eric Okeefe","province_code":"QC","country_code":"CA","country_name":"Canada","default":true}}}]}
