{"orders":[{"id":1379583721544,"email":"turtlesrule987@yahoo.com","closed_at":null,"created_at":"2019-09-06T19:55:40-06:00","updated_at":"2019-09-06T19:55:45-06:00","number":13,"note":null,"token":"8a5cb82f5c93d98456bcba735fd8db49","gateway":"paypal","test":false,"total_price":"51.94","subtotal_price":"45.99","total_weight":0,"total_tax":"0.00","taxes_included":false,"currency":"USD","financial_status":"paid","confirmed":true,"total_discounts":"0.00","total_line_items_price":"45.99","cart_token":"e87ce4dc87d37fad231ca2f71f45d0bb","buyer_accepts_marketing":false,"name":"#TBB081013","referring_site":"http:\/\/m.facebook.com","landing_site":"\/products\/jets-black-and-white-v3","cancelled_at":null,"cancel_reason":null,"total_price_usd":"51.94","checkout_token":"442456fb3b1db0edb5d82a1264ca07d0","reference":null,"user_id":null,"location_id":null,"source_identifier":null,"source_url":null,"processed_at":"2019-09-06T19:55:39-06:00","device_id":null,"phone":null,"customer_locale":"en","app_id":580111,"browser_ip":"65.31.91.7","landing_site_ref":null,"order_number":1013,"discount_applications":[],"discount_codes":[],"note_attributes":[],"payment_gateway_names":["paypal"],"processing_method":"express","checkout_id":8643622273096,"source_name":"web","fulfillment_status":null,"tax_lines":[],"tags":"","contact_email":"turtlesrule987@yahoo.com","order_status_url":"https:\/\/thebigbowl8.myshopify.com\/25788579912\/orders\/8a5cb82f5c93d98456bcba735fd8db49\/authenticate?key=d1f26aee1411fe8d6762d4455d38fa0a","presentment_currency":"USD","total_line_items_price_set":{"shop_money":{"amount":"45.99","currency_code":"USD"},"presentment_money":{"amount":"45.99","currency_code":"USD"}},"total_discounts_set":{"shop_money":{"amount":"0.00","currency_code":"USD"},"presentment_money":{"amount":"0.00","currency_code":"USD"}},"total_shipping_price_set":{"shop_money":{"amount":"5.95","currency_code":"USD"},"presentment_money":{"amount":"5.95","currency_code":"USD"}},"subtotal_price_set":{"shop_money":{"amount":"45.99","currency_code":"USD"},"presentment_money":{"amount":"45.99","currency_code":"USD"}},"total_price_set":{"shop_money":{"amount":"51.94","currency_code":"USD"},"presentment_money":{"amount":"51.94","currency_code":"USD"}},"total_tax_set":{"shop_money":{"amount":"0.00","currency_code":"USD"},"presentment_money":{"amount":"0.00","currency_code":"USD"}},"total_tip_received":"0.0","admin_graphql_api_id":"gid:\/\/shopify\/Order\/1379583721544","line_items":[{"id":2997909291080,"variant_id":29920360923208,"title":"Raid Black And White V1","quantity":1,"sku":"","variant_title":"XL \/ HOODIE","vendor":"thebigbowl","fulfillment_service":"manual","product_id":4036347166792,"requires_shipping":true,"taxable":true,"gift_card":false,"name":"Raid Black And White V1 - XL \/ HOODIE","variant_inventory_management":null,"properties":[],"product_exists":true,"fulfillable_quantity":1,"grams":0,"price":"45.99","total_discount":"0.00","fulfillment_status":null,"price_set":{"shop_money":{"amount":"45.99","currency_code":"USD"},"presentment_money":{"amount":"45.99","currency_code":"USD"}},"total_discount_set":{"shop_money":{"amount":"0.00","currency_code":"USD"},"presentment_money":{"amount":"0.00","currency_code":"USD"}},"discount_allocations":[],"admin_graphql_api_id":"gid:\/\/shopify\/LineItem\/2997909291080","tax_lines":[],"origin_location":{"id":1439226986568,"country_code":"VN","province_code":"","name":"The Big Bowl","address1":"48 Ben Van Don","address2":"","city":"Ho Chi Minh City","zip":"100000"}}],"shipping_lines":[{"id":1192681603144,"title":"US Standard shipping with tracking code ( FREE ship for order over $100)","price":"5.95","code":"US Standard shipping with tracking code ( FREE ship for order over $100)","source":"shopify","phone":null,"requested_fulfillment_service_id":null,"delivery_category":null,"carrier_identifier":null,"discounted_price":"5.95","price_set":{"shop_money":{"amount":"5.95","currency_code":"USD"},"presentment_money":{"amount":"5.95","currency_code":"USD"}},"discounted_price_set":{"shop_money":{"amount":"5.95","currency_code":"USD"},"presentment_money":{"amount":"5.95","currency_code":"USD"}},"discount_allocations":[],"tax_lines":[]}],"billing_address":{"first_name":"Ronny","address1":"25530 Runyard Way West","phone":"(847) 366-7840","city":"Trevor","zip":"53179","province":"Wisconsin","country":"United States","last_name":"Anderson","address2":"","company":null,"latitude":42.49897310000001,"longitude":-88.1170307,"name":"Ronny Anderson","country_code":"US","province_code":"WI"},"shipping_address":{"first_name":"Ronny","address1":"25530 Runyard Way West","phone":"(847) 366-7840","city":"Trevor","zip":"53179","province":"Wisconsin","country":"United States","last_name":"Anderson","address2":"","company":null,"latitude":42.49897310000001,"longitude":-88.1170307,"name":"Ronny Anderson","country_code":"US","province_code":"WI"},"fulfillments":[],"client_details":{"browser_ip":"65.31.91.7","accept_language":"en-us","user_agent":"Mozilla\/5.0 (iPhone; CPU iPhone OS 12_4 like Mac OS X) AppleWebKit\/605.1.15 (KHTML, like Gecko) Mobile\/15E148 [FBAN\/FBIOS;FBDV\/iPhone10,1;FBMD\/iPhone;FBSN\/iOS;FBSV\/12.4;FBSS\/2;FBID\/phone;FBLC\/en_US;FBOP\/5;FBCR\/Sprint]","session_hash":null,"browser_width":375,"browser_height":581},"refunds":[],"customer":{"id":2237201875016,"email":"turtlesrule987@yahoo.com","accepts_marketing":false,"created_at":"2019-09-06T19:53:19-06:00","updated_at":"2019-09-06T19:55:41-06:00","first_name":"Ronny","last_name":"Anderson","orders_count":1,"state":"disabled","total_spent":"51.94","last_order_id":1379583721544,"note":null,"verified_email":true,"multipass_identifier":null,"tax_exempt":false,"phone":null,"tags":"","last_order_name":"#TBB081013","currency":"USD","accepts_marketing_updated_at":"2019-09-06T19:53:19-06:00","marketing_opt_in_level":null,"tax_exemptions":[],"admin_graphql_api_id":"gid:\/\/shopify\/Customer\/2237201875016","default_address":{"id":2388283424840,"customer_id":2237201875016,"first_name":"Ronny","last_name":"Anderson","company":null,"address1":"25530 Runyard Way West","address2":"","city":"Trevor","province":"Wisconsin","country":"United States","zip":"53179","phone":"(847) 366-7840","name":"Ronny Anderson","province_code":"WI","country_code":"US","country_name":"United States","default":true}}},{"id":1379540402248,"email":"nick_larson22@yahoo.com","closed_at":null,"created_at":"2019-09-06T19:11:50-06:00","updated_at":"2019-09-06T19:11:52-06:00","number":12,"note":null,"token":"4c4a12b0ac3d375dcfc6ee48becacc54","gateway":"paypal","test":false,"total_price":"51.94","subtotal_price":"45.99","total_weight":0,"total_tax":"0.00","taxes_included":false,"currency":"USD","financial_status":"paid","confirmed":true,"total_discounts":"0.00","total_line_items_price":"45.99","cart_token":"e9b1ccc0112954ec741a24d557822656","buyer_accepts_marketing":false,"name":"#TBB081012","referring_site":"http:\/\/m.facebook.com\/","landing_site":"\/products\/colt-black-and-white-v3","cancelled_at":null,"cancel_reason":null,"total_price_usd":"51.94","checkout_token":"a24bd5fdfd533be0a718a59744265e9e","reference":null,"user_id":null,"location_id":null,"source_identifier":null,"source_url":null,"processed_at":"2019-09-06T19:11:50-06:00","device_id":null,"phone":null,"customer_locale":"en","app_id":580111,"browser_ip":"174.197.12.67","landing_site_ref":null,"order_number":1012,"discount_applications":[],"discount_codes":[],"note_attributes":[],"payment_gateway_names":["paypal"],"processing_method":"express","checkout_id":8643493724232,"source_name":"web","fulfillment_status":null,"tax_lines":[],"tags":"","contact_email":"nick_larson22@yahoo.com","order_status_url":"https:\/\/thebigbowl8.myshopify.com\/25788579912\/orders\/4c4a12b0ac3d375dcfc6ee48becacc54\/authenticate?key=716c93d166508be9eb2ab21afe698d9b","presentment_currency":"USD","total_line_items_price_set":{"shop_money":{"amount":"45.99","currency_code":"USD"},"presentment_money":{"amount":"45.99","currency_code":"USD"}},"total_discounts_set":{"shop_money":{"amount":"0.00","currency_code":"USD"},"presentment_money":{"amount":"0.00","currency_code":"USD"}},"total_shipping_price_set":{"shop_money":{"amount":"5.95","currency_code":"USD"},"presentment_money":{"amount":"5.95","currency_code":"USD"}},"subtotal_price_set":{"shop_money":{"amount":"45.99","currency_code":"USD"},"presentment_money":{"amount":"45.99","currency_code":"USD"}},"total_price_set":{"shop_money":{"amount":"51.94","currency_code":"USD"},"presentment_money":{"amount":"51.94","currency_code":"USD"}},"total_tax_set":{"shop_money":{"amount":"0.00","currency_code":"USD"},"presentment_money":{"amount":"0.00","currency_code":"USD"}},"total_tip_received":"0.0","admin_graphql_api_id":"gid:\/\/shopify\/Order\/1379540402248","line_items":[{"id":2997837004872,"variant_id":29920242270280,"title":"Colt Black And White V3","quantity":1,"sku":null,"variant_title":"2XL \/ HOODIE","vendor":"thebigbowl","fulfillment_service":"manual","product_id":4036329472072,"requires_shipping":true,"taxable":true,"gift_card":false,"name":"Colt Black And White V3 - 2XL \/ HOODIE","variant_inventory_management":null,"properties":[],"product_exists":true,"fulfillable_quantity":1,"grams":0,"price":"45.99","total_discount":"0.00","fulfillment_status":null,"price_set":{"shop_money":{"amount":"45.99","currency_code":"USD"},"presentment_money":{"amount":"45.99","currency_code":"USD"}},"total_discount_set":{"shop_money":{"amount":"0.00","currency_code":"USD"},"presentment_money":{"amount":"0.00","currency_code":"USD"}},"discount_allocations":[],"admin_graphql_api_id":"gid:\/\/shopify\/LineItem\/2997837004872","tax_lines":[],"origin_location":{"id":1439226986568,"country_code":"VN","province_code":"","name":"The Big Bowl","address1":"48 Ben Van Don","address2":"","city":"Ho Chi Minh City","zip":"100000"}}],"shipping_lines":[{"id":1192643100744,"title":"US Standard shipping with tracking code ( FREE ship for order over $100)","price":"5.95","code":"US Standard shipping with tracking code ( FREE ship for order over $100)","source":"shopify","phone":null,"requested_fulfillment_service_id":null,"delivery_category":null,"carrier_identifier":null,"discounted_price":"5.95","price_set":{"shop_money":{"amount":"5.95","currency_code":"USD"},"presentment_money":{"amount":"5.95","currency_code":"USD"}},"discounted_price_set":{"shop_money":{"amount":"5.95","currency_code":"USD"},"presentment_money":{"amount":"5.95","currency_code":"USD"}},"discount_allocations":[],"tax_lines":[]}],"billing_address":{"first_name":"NICK","address1":"10 PINEWOOD DRIVE","phone":"(906) 280-9148","city":"GLADSTONE","zip":"49837","province":"Michigan","country":"United States","last_name":"LARSON","address2":"","company":null,"latitude":45.8576699,"longitude":-87.04545689999999,"name":"NICK LARSON","country_code":"US","province_code":"MI"},"shipping_address":{"first_name":"NICK","address1":"10 PINEWOOD DRIVE","phone":"(906) 280-9148","city":"GLADSTONE","zip":"49837","province":"Michigan","country":"United States","last_name":"LARSON","address2":"","company":null,"latitude":45.8576699,"longitude":-87.04545689999999,"name":"NICK LARSON","country_code":"US","province_code":"MI"},"fulfillments":[],"client_details":{"browser_ip":"174.197.12.67","accept_language":"en-US,en;q=0.9","user_agent":"Mozilla\/5.0 (Linux; Android 9; SM-G965U Build\/PPR1.180610.011; wv) AppleWebKit\/537.36 (KHTML, like Gecko) Version\/4.0 Chrome\/76.0.3809.111 Mobile Safari\/537.36 [FB_IAB\/FB4A;FBAV\/235.0.0.38.118;]","session_hash":null,"browser_width":412,"browser_height":726},"refunds":[],"customer":{"id":2237151903816,"email":"nick_larson22@yahoo.com","accepts_marketing":false,"created_at":"2019-09-06T19:10:54-06:00","updated_at":"2019-09-06T19:11:50-06:00","first_name":"NICK","last_name":"LARSON","orders_count":1,"state":"disabled","total_spent":"51.94","last_order_id":1379540402248,"note":null,"verified_email":true,"multipass_identifier":null,"tax_exempt":false,"phone":null,"tags":"","last_order_name":"#TBB081012","currency":"USD","accepts_marketing_updated_at":"2019-09-06T19:10:54-06:00","marketing_opt_in_level":null,"tax_exemptions":[],"admin_graphql_api_id":"gid:\/\/shopify\/Customer\/2237151903816","default_address":{"id":2388230275144,"customer_id":2237151903816,"first_name":"NICK","last_name":"LARSON","company":null,"address1":"10 PINEWOOD DRIVE","address2":"","city":"GLADSTONE","province":"Michigan","country":"United States","zip":"49837","phone":"(906) 280-9148","name":"NICK LARSON","province_code":"MI","country_code":"US","country_name":"United States","default":true}}},{"id":1379498983496,"email":"bigwayne1223@gmail.com","closed_at":null,"created_at":"2019-09-06T18:31:31-06:00","updated_at":"2019-09-06T18:31:37-06:00","number":11,"note":null,"token":"c8d89df80ae2d67df9e7913691cbdc2a","gateway":"paypal","test":false,"total_price":"51.94","subtotal_price":"45.99","total_weight":0,"total_tax":"0.00","taxes_included":false,"currency":"USD","financial_status":"paid","confirmed":true,"total_discounts":"0.00","total_line_items_price":"45.99","cart_token":"33880d686e37f661c61685eeacc33b7d","buyer_accepts_marketing":false,"name":"#TBB081011","referring_site":"http:\/\/m.facebook.com","landing_site":"\/products\/pant-black-and-white-v3","cancelled_at":null,"cancel_reason":null,"total_price_usd":"51.94","checkout_token":"0dc1d754e7f104726b949311e8ffce12","reference":null,"user_id":null,"location_id":null,"source_identifier":null,"source_url":null,"processed_at":"2019-09-06T18:31:31-06:00","device_id":null,"phone":null,"customer_locale":"en","app_id":580111,"browser_ip":"107.77.232.23","landing_site_ref":null,"order_number":1011,"discount_applications":[],"discount_codes":[],"note_attributes":[],"payment_gateway_names":["paypal"],"processing_method":"express","checkout_id":8643372548168,"source_name":"web","fulfillment_status":null,"tax_lines":[],"tags":"","contact_email":"bigwayne1223@gmail.com","order_status_url":"https:\/\/thebigbowl8.myshopify.com\/25788579912\/orders\/c8d89df80ae2d67df9e7913691cbdc2a\/authenticate?key=5cfb9d217232ce75145369e693e72d13","presentment_currency":"USD","total_line_items_price_set":{"shop_money":{"amount":"45.99","currency_code":"USD"},"presentment_money":{"amount":"45.99","currency_code":"USD"}},"total_discounts_set":{"shop_money":{"amount":"0.00","currency_code":"USD"},"presentment_money":{"amount":"0.00","currency_code":"USD"}},"total_shipping_price_set":{"shop_money":{"amount":"5.95","currency_code":"USD"},"presentment_money":{"amount":"5.95","currency_code":"USD"}},"subtotal_price_set":{"shop_money":{"amount":"45.99","currency_code":"USD"},"presentment_money":{"amount":"45.99","currency_code":"USD"}},"total_price_set":{"shop_money":{"amount":"51.94","currency_code":"USD"},"presentment_money":{"amount":"51.94","currency_code":"USD"}},"total_tax_set":{"shop_money":{"amount":"0.00","currency_code":"USD"},"presentment_money":{"amount":"0.00","currency_code":"USD"}},"total_tip_received":"0.0","admin_graphql_api_id":"gid:\/\/shopify\/Order\/1379498983496","line_items":[{"id":2997760720968,"variant_id":29920266059848,"title":"Pant Black And White V3","quantity":1,"sku":null,"variant_title":"5XL \/ HOODIE","vendor":"thebigbowl","fulfillment_service":"manual","product_id":4036331667528,"requires_shipping":true,"taxable":true,"gift_card":false,"name":"Pant Black And White V3 - 5XL \/ HOODIE","variant_inventory_management":null,"properties":[],"product_exists":true,"fulfillable_quantity":1,"grams":0,"price":"45.99","total_discount":"0.00","fulfillment_status":null,"price_set":{"shop_money":{"amount":"45.99","currency_code":"USD"},"presentment_money":{"amount":"45.99","currency_code":"USD"}},"total_discount_set":{"shop_money":{"amount":"0.00","currency_code":"USD"},"presentment_money":{"amount":"0.00","currency_code":"USD"}},"discount_allocations":[],"admin_graphql_api_id":"gid:\/\/shopify\/LineItem\/2997760720968","tax_lines":[],"origin_location":{"id":1439226986568,"country_code":"VN","province_code":"","name":"The Big Bowl","address1":"48 Ben Van Don","address2":"","city":"Ho Chi Minh City","zip":"100000"}}],"shipping_lines":[{"id":1192607613000,"title":"US Standard shipping with tracking code ( FREE ship for order over $100)","price":"5.95","code":"US Standard shipping with tracking code ( FREE ship for order over $100)","source":"shopify","phone":null,"requested_fulfillment_service_id":null,"delivery_category":null,"carrier_identifier":null,"discounted_price":"5.95","price_set":{"shop_money":{"amount":"5.95","currency_code":"USD"},"presentment_money":{"amount":"5.95","currency_code":"USD"}},"discounted_price_set":{"shop_money":{"amount":"5.95","currency_code":"USD"},"presentment_money":{"amount":"5.95","currency_code":"USD"}},"discount_allocations":[],"tax_lines":[]}],"billing_address":{"first_name":"Wayne","address1":"1325 Old Canaan Rd","phone":"+1 803-810-4581","city":"Spartanburg","zip":"29306-6503","province":"South Carolina","country":"United States","last_name":"Peters","address2":"","company":null,"latitude":34.8679553,"longitude":-81.91956979999999,"name":"Wayne Peters","country_code":"US","province_code":"SC"},"shipping_address":{"first_name":"Wayne","address1":"1325 Old Canaan Rd","phone":"+1 803-810-4581","city":"Spartanburg","zip":"29306-6503","province":"South Carolina","country":"United States","last_name":"Peters","address2":"","company":null,"latitude":34.8679553,"longitude":-81.91956979999999,"name":"Wayne Peters","country_code":"US","province_code":"SC"},"fulfillments":[],"client_details":{"browser_ip":"107.77.232.23","accept_language":"en-us","user_agent":"Mozilla\/5.0 (iPhone; CPU iPhone OS 12_4 like Mac OS X) AppleWebKit\/605.1.15 (KHTML, like Gecko) Mobile\/15E148 [FBAN\/FBIOS;FBDV\/iPhone9,4;FBMD\/iPhone;FBSN\/iOS;FBSV\/12.4;FBSS\/3;FBID\/phone;FBLC\/en_US;FBOP\/5;FBCR\/AT\u0026T]","session_hash":null,"browser_width":414,"browser_height":670},"refunds":[],"customer":{"id":2237106225224,"email":"bigwayne1223@gmail.com","accepts_marketing":false,"created_at":"2019-09-06T18:31:08-06:00","updated_at":"2019-09-06T18:31:32-06:00","first_name":"Wayne","last_name":"Peters","orders_count":1,"state":"disabled","total_spent":"51.94","last_order_id":1379498983496,"note":null,"verified_email":true,"multipass_identifier":null,"tax_exempt":false,"phone":null,"tags":"","last_order_name":"#TBB081011","currency":"USD","accepts_marketing_updated_at":"2019-09-06T18:31:09-06:00","marketing_opt_in_level":null,"tax_exemptions":[],"admin_graphql_api_id":"gid:\/\/shopify\/Customer\/2237106225224","default_address":{"id":2388182401096,"customer_id":2237106225224,"first_name":"Wayne","last_name":"Peters","company":null,"address1":"1325 Old Canaan Rd","address2":"","city":"Spartanburg","province":"South Carolina","country":"United States","zip":"29306-6503","phone":"+1 803-810-4581","name":"Wayne Peters","province_code":"SC","country_code":"US","country_name":"United States","default":true}}},{"id":1379394781256,"email":"snyderandrew747@gmail.com","closed_at":null,"created_at":"2019-09-06T17:09:13-06:00","updated_at":"2019-09-06T17:09:19-06:00","number":10,"note":null,"token":"7c214995f06086f8d4c2593917eaf63f","gateway":"paypal","test":false,"total_price":"51.94","subtotal_price":"45.99","total_weight":0,"total_tax":"0.00","taxes_included":false,"currency":"USD","financial_status":"paid","confirmed":true,"total_discounts":"0.00","total_line_items_price":"45.99","cart_token":"f2dfd0ecb1abe464bf99b4e908d03ec8","buyer_accepts_marketing":false,"name":"#TBB081010","referring_site":"http:\/\/m.facebook.com\/","landing_site":"\/products\/brow-black-and-white-v3","cancelled_at":null,"cancel_reason":null,"total_price_usd":"51.94","checkout_token":"1f8d7abb8363a2ea09ccbc5b9b8e232f","reference":null,"user_id":null,"location_id":null,"source_identifier":null,"source_url":null,"processed_at":"2019-09-06T17:09:13-06:00","device_id":null,"phone":null,"customer_locale":"en","app_id":580111,"browser_ip":"172.56.11.14","landing_site_ref":null,"order_number":1010,"discount_applications":[],"discount_codes":[],"note_attributes":[],"payment_gateway_names":["paypal"],"processing_method":"express","checkout_id":8643084845128,"source_name":"web","fulfillment_status":null,"tax_lines":[],"tags":"","contact_email":"snyderandrew747@gmail.com","order_status_url":"https:\/\/thebigbowl8.myshopify.com\/25788579912\/orders\/7c214995f06086f8d4c2593917eaf63f\/authenticate?key=e75466b4cd94febc29a6e495bcf2fa7a","presentment_currency":"USD","total_line_items_price_set":{"shop_money":{"amount":"45.99","currency_code":"USD"},"presentment_money":{"amount":"45.99","currency_code":"USD"}},"total_discounts_set":{"shop_money":{"amount":"0.00","currency_code":"USD"},"presentment_money":{"amount":"0.00","currency_code":"USD"}},"total_shipping_price_set":{"shop_money":{"amount":"5.95","currency_code":"USD"},"presentment_money":{"amount":"5.95","currency_code":"USD"}},"subtotal_price_set":{"shop_money":{"amount":"45.99","currency_code":"USD"},"presentment_money":{"amount":"45.99","currency_code":"USD"}},"total_price_set":{"shop_money":{"amount":"51.94","currency_code":"USD"},"presentment_money":{"amount":"51.94","currency_code":"USD"}},"total_tax_set":{"shop_money":{"amount":"0.00","currency_code":"USD"},"presentment_money":{"amount":"0.00","currency_code":"USD"}},"total_tip_received":"0.0","admin_graphql_api_id":"gid:\/\/shopify\/Order\/1379394781256","line_items":[{"id":2997573976136,"variant_id":29920258261064,"title":"Brow Black And White V3","quantity":1,"sku":null,"variant_title":"3XL \/ HOODIE","vendor":"thebigbowl","fulfillment_service":"manual","product_id":4036331110472,"requires_shipping":true,"taxable":true,"gift_card":false,"name":"Brow Black And White V3 - 3XL \/ HOODIE","variant_inventory_management":null,"properties":[],"product_exists":true,"fulfillable_quantity":1,"grams":0,"price":"45.99","total_discount":"0.00","fulfillment_status":null,"price_set":{"shop_money":{"amount":"45.99","currency_code":"USD"},"presentment_money":{"amount":"45.99","currency_code":"USD"}},"total_discount_set":{"shop_money":{"amount":"0.00","currency_code":"USD"},"presentment_money":{"amount":"0.00","currency_code":"USD"}},"discount_allocations":[],"admin_graphql_api_id":"gid:\/\/shopify\/LineItem\/2997573976136","tax_lines":[],"origin_location":{"id":1439226986568,"country_code":"VN","province_code":"","name":"The Big Bowl","address1":"48 Ben Van Don","address2":"","city":"Ho Chi Minh City","zip":"100000"}}],"shipping_lines":[{"id":1192518090824,"title":"US Standard shipping with tracking code ( FREE ship for order over $100)","price":"5.95","code":"US Standard shipping with tracking code ( FREE ship for order over $100)","source":"shopify","phone":null,"requested_fulfillment_service_id":null,"delivery_category":null,"carrier_identifier":null,"discounted_price":"5.95","price_set":{"shop_money":{"amount":"5.95","currency_code":"USD"},"presentment_money":{"amount":"5.95","currency_code":"USD"}},"discounted_price_set":{"shop_money":{"amount":"5.95","currency_code":"USD"},"presentment_money":{"amount":"5.95","currency_code":"USD"}},"discount_allocations":[],"tax_lines":[]}],"billing_address":{"first_name":"Andrew","address1":"221 Colgate Avenue","phone":"(440) 529-4582","city":"Elyria","zip":"44035","province":"Ohio","country":"United States","last_name":"Snyder","address2":"","company":null,"latitude":41.35499670000001,"longitude":-82.09805109999999,"name":"Andrew Snyder","country_code":"US","province_code":"OH"},"shipping_address":{"first_name":"Andrew","address1":"221 Colgate Avenue","phone":"(440) 529-4582","city":"Elyria","zip":"44035","province":"Ohio","country":"United States","last_name":"Snyder","address2":"","company":null,"latitude":41.35499670000001,"longitude":-82.09805109999999,"name":"Andrew Snyder","country_code":"US","province_code":"OH"},"fulfillments":[],"client_details":{"browser_ip":"172.56.11.14","accept_language":"en-US,en;q=0.9","user_agent":"Mozilla\/5.0 (Linux; Android 8.1.0; LM-Q710(FGN) Build\/OPM1.171019.019; wv) AppleWebKit\/537.36 (KHTML, like Gecko) Version\/4.0 Chrome\/75.0.3770.101 Mobile Safari\/537.36 [FB_IAB\/FB4A;FBAV\/226.0.0.49.120;]","session_hash":null,"browser_width":412,"browser_height":751},"refunds":[],"customer":{"id":2237002776648,"email":"snyderandrew747@gmail.com","accepts_marketing":false,"created_at":"2019-09-06T17:07:05-06:00","updated_at":"2019-09-06T17:09:13-06:00","first_name":"Andrew","last_name":"Snyder","orders_count":1,"state":"disabled","total_spent":"51.94","last_order_id":1379394781256,"note":null,"verified_email":true,"multipass_identifier":null,"tax_exempt":false,"phone":null,"tags":"","last_order_name":"#TBB081010","currency":"USD","accepts_marketing_updated_at":"2019-09-06T17:07:05-06:00","marketing_opt_in_level":null,"tax_exemptions":[],"admin_graphql_api_id":"gid:\/\/shopify\/Customer\/2237002776648","default_address":{"id":2388072857672,"customer_id":2237002776648,"first_name":"Andrew","last_name":"Snyder","company":null,"address1":"221 Colgate Avenue","address2":"","city":"Elyria","province":"Ohio","country":"United States","zip":"44035","phone":"(440) 529-4582","name":"Andrew Snyder","province_code":"OH","country_code":"US","country_name":"United States","default":true}}},{"id":1379381936200,"email":"erneljoyner@gmail.com","closed_at":null,"created_at":"2019-09-06T16:57:54-06:00","updated_at":"2019-09-06T16:58:00-06:00","number":9,"note":null,"token":"88c3593ccbce74e8346c5513c4ceb986","gateway":"paypal","test":false,"total_price":"50.94","subtotal_price":"44.99","total_weight":0,"total_tax":"0.00","taxes_included":false,"currency":"USD","financial_status":"paid","confirmed":true,"total_discounts":"0.00","total_line_items_price":"44.99","cart_token":"ff3f61be1a362896fce49f4d1f19026d","buyer_accepts_marketing":false,"name":"#TBB081009","referring_site":"http:\/\/m.facebook.com","landing_site":"\/products\/viki-black-and-white-v3","cancelled_at":null,"cancel_reason":null,"total_price_usd":"50.94","checkout_token":"60d2646b362b8aa1d9e8ccf32ddc4ac8","reference":null,"user_id":null,"location_id":null,"source_identifier":null,"source_url":null,"processed_at":"2019-09-06T16:57:54-06:00","device_id":null,"phone":null,"customer_locale":"en","app_id":580111,"browser_ip":"172.56.13.125","landing_site_ref":null,"order_number":1009,"discount_applications":[],"discount_codes":[],"note_attributes":[],"payment_gateway_names":["paypal"],"processing_method":"express","checkout_id":8643048570952,"source_name":"web","fulfillment_status":null,"tax_lines":[],"tags":"","contact_email":"erneljoyner@gmail.com","order_status_url":"https:\/\/thebigbowl8.myshopify.com\/25788579912\/orders\/88c3593ccbce74e8346c5513c4ceb986\/authenticate?key=0ea3fdb59538d99085d0b7e4be17d6db","presentment_currency":"USD","total_line_items_price_set":{"shop_money":{"amount":"44.99","currency_code":"USD"},"presentment_money":{"amount":"44.99","currency_code":"USD"}},"total_discounts_set":{"shop_money":{"amount":"0.00","currency_code":"USD"},"presentment_money":{"amount":"0.00","currency_code":"USD"}},"total_shipping_price_set":{"shop_money":{"amount":"5.95","currency_code":"USD"},"presentment_money":{"amount":"5.95","currency_code":"USD"}},"subtotal_price_set":{"shop_money":{"amount":"44.99","currency_code":"USD"},"presentment_money":{"amount":"44.99","currency_code":"USD"}},"total_price_set":{"shop_money":{"amount":"50.94","currency_code":"USD"},"presentment_money":{"amount":"50.94","currency_code":"USD"}},"total_tax_set":{"shop_money":{"amount":"0.00","currency_code":"USD"},"presentment_money":{"amount":"0.00","currency_code":"USD"}},"total_tip_received":"0.0","admin_graphql_api_id":"gid:\/\/shopify\/Order\/1379381936200","line_items":[{"id":2997552414792,"variant_id":29920233750600,"title":"Viki Black And White V3","quantity":1,"sku":null,"variant_title":"XL \/ Long Sleeve","vendor":"thebigbowl","fulfillment_service":"manual","product_id":4036328685640,"requires_shipping":true,"taxable":true,"gift_card":false,"name":"Viki Black And White V3 - XL \/ Long Sleeve","variant_inventory_management":null,"properties":[],"product_exists":true,"fulfillable_quantity":1,"grams":0,"price":"44.99","total_discount":"0.00","fulfillment_status":null,"price_set":{"shop_money":{"amount":"44.99","currency_code":"USD"},"presentment_money":{"amount":"44.99","currency_code":"USD"}},"total_discount_set":{"shop_money":{"amount":"0.00","currency_code":"USD"},"presentment_money":{"amount":"0.00","currency_code":"USD"}},"discount_allocations":[],"admin_graphql_api_id":"gid:\/\/shopify\/LineItem\/2997552414792","tax_lines":[],"origin_location":{"id":1439226986568,"country_code":"VN","province_code":"","name":"The Big Bowl","address1":"48 Ben Van Don","address2":"","city":"Ho Chi Minh City","zip":"100000"}}],"shipping_lines":[{"id":1192507637832,"title":"US Standard shipping with tracking code ( FREE ship for order over $100)","price":"5.95","code":"US Standard shipping with tracking code ( FREE ship for order over $100)","source":"shopify","phone":null,"requested_fulfillment_service_id":null,"delivery_category":null,"carrier_identifier":null,"discounted_price":"5.95","price_set":{"shop_money":{"amount":"5.95","currency_code":"USD"},"presentment_money":{"amount":"5.95","currency_code":"USD"}},"discounted_price_set":{"shop_money":{"amount":"5.95","currency_code":"USD"},"presentment_money":{"amount":"5.95","currency_code":"USD"}},"discount_allocations":[],"tax_lines":[]}],"billing_address":{"first_name":"Erne","address1":"3500 West Old Shakopee Road","phone":"+1 952-212-8650","city":"Minneapolis","zip":"55431","province":"Minnesota","country":"United States","last_name":"Joyner ","address2":"","company":null,"latitude":44.81195899999999,"longitude":-93.3246676,"name":"Erne Joyner ","country_code":"US","province_code":"MN"},"shipping_address":{"first_name":"Erne","address1":"3500 West Old Shakopee Road","phone":"+1 952-212-8650","city":"Minneapolis","zip":"55431","province":"Minnesota","country":"United States","last_name":"Joyner ","address2":"","company":null,"latitude":44.81195899999999,"longitude":-93.3246676,"name":"Erne Joyner ","country_code":"US","province_code":"MN"},"fulfillments":[],"client_details":{"browser_ip":"172.56.13.125","accept_language":"en-us","user_agent":"Mozilla\/5.0 (iPhone; CPU iPhone OS 12_2 like Mac OS X) AppleWebKit\/605.1.15 (KHTML, like Gecko) Mobile\/15E148 [FBAN\/FBIOS;FBDV\/iPhone8,1;FBMD\/iPhone;FBSN\/iOS;FBSV\/12.2;FBSS\/2;FBID\/phone;FBLC\/en_US;FBOP\/5;FBCR\/TFW]","session_hash":null,"browser_width":375,"browser_height":581},"refunds":[],"customer":{"id":2236990226504,"email":"erneljoyner@gmail.com","accepts_marketing":false,"created_at":"2019-09-06T16:56:26-06:00","updated_at":"2019-09-06T16:57:54-06:00","first_name":"Erne","last_name":"Joyner","orders_count":1,"state":"disabled","total_spent":"50.94","last_order_id":1379381936200,"note":null,"verified_email":true,"multipass_identifier":null,"tax_exempt":false,"phone":null,"tags":"","last_order_name":"#TBB081009","currency":"USD","accepts_marketing_updated_at":"2019-09-06T16:56:26-06:00","marketing_opt_in_level":null,"tax_exemptions":[],"admin_graphql_api_id":"gid:\/\/shopify\/Customer\/2236990226504","default_address":{"id":2387916259400,"customer_id":2236990226504,"first_name":"Erne","last_name":"Joyner ","company":null,"address1":"3500 West Old Shakopee Road","address2":"","city":"Minneapolis","province":"Minnesota","country":"United States","zip":"55431","phone":"+1 952-212-8650","name":"Erne Joyner ","province_code":"MN","country_code":"US","country_name":"United States","default":true}}},{"id":1379275407432,"email":"dwalls58@yahoo.com","closed_at":null,"created_at":"2019-09-06T15:33:38-06:00","updated_at":"2019-09-06T15:33:43-06:00","number":8,"note":null,"token":"06480f40897faa58284826a581c9788b","gateway":"paypal","test":false,"total_price":"51.94","subtotal_price":"45.99","total_weight":0,"total_tax":"0.00","taxes_included":false,"currency":"USD","financial_status":"paid","confirmed":true,"total_discounts":"0.00","total_line_items_price":"45.99","cart_token":"707a196df3867561e437287010352498","buyer_accepts_marketing":false,"name":"#TBB081008","referring_site":"http:\/\/m.facebook.com","landing_site":"\/products\/gian-black-and-white-v3","cancelled_at":null,"cancel_reason":null,"total_price_usd":"51.94","checkout_token":"11d9e1046f3883e78774c6f14e7591f5","reference":null,"user_id":null,"location_id":null,"source_identifier":null,"source_url":null,"processed_at":"2019-09-06T15:33:38-06:00","device_id":null,"phone":null,"customer_locale":"en","app_id":580111,"browser_ip":"47.18.6.5","landing_site_ref":null,"order_number":1008,"discount_applications":[],"discount_codes":[],"note_attributes":[],"payment_gateway_names":["paypal"],"processing_method":"express","checkout_id":8642725347400,"source_name":"web","fulfillment_status":null,"tax_lines":[],"tags":"","contact_email":"dwalls58@yahoo.com","order_status_url":"https:\/\/thebigbowl8.myshopify.com\/25788579912\/orders\/06480f40897faa58284826a581c9788b\/authenticate?key=e86ecfdfc9a3c00b5cc2b34e7b7e5dc4","presentment_currency":"USD","total_line_items_price_set":{"shop_money":{"amount":"45.99","currency_code":"USD"},"presentment_money":{"amount":"45.99","currency_code":"USD"}},"total_discounts_set":{"shop_money":{"amount":"0.00","currency_code":"USD"},"presentment_money":{"amount":"0.00","currency_code":"USD"}},"total_shipping_price_set":{"shop_money":{"amount":"5.95","currency_code":"USD"},"presentment_money":{"amount":"5.95","currency_code":"USD"}},"subtotal_price_set":{"shop_money":{"amount":"45.99","currency_code":"USD"},"presentment_money":{"amount":"45.99","currency_code":"USD"}},"total_price_set":{"shop_money":{"amount":"51.94","currency_code":"USD"},"presentment_money":{"amount":"51.94","currency_code":"USD"}},"total_tax_set":{"shop_money":{"amount":"0.00","currency_code":"USD"},"presentment_money":{"amount":"0.00","currency_code":"USD"}},"total_tip_received":"0.0","admin_graphql_api_id":"gid:\/\/shopify\/Order\/1379275407432","line_items":[{"id":2997361868872,"variant_id":29920229163080,"title":"Gian Black And White V3","quantity":1,"sku":null,"variant_title":"4XL \/ HOODIE","vendor":"thebigbowl","fulfillment_service":"manual","product_id":4036328259656,"requires_shipping":true,"taxable":true,"gift_card":false,"name":"Gian Black And White V3 - 4XL \/ HOODIE","variant_inventory_management":null,"properties":[],"product_exists":true,"fulfillable_quantity":1,"grams":0,"price":"45.99","total_discount":"0.00","fulfillment_status":null,"price_set":{"shop_money":{"amount":"45.99","currency_code":"USD"},"presentment_money":{"amount":"45.99","currency_code":"USD"}},"total_discount_set":{"shop_money":{"amount":"0.00","currency_code":"USD"},"presentment_money":{"amount":"0.00","currency_code":"USD"}},"discount_allocations":[],"admin_graphql_api_id":"gid:\/\/shopify\/LineItem\/2997361868872","tax_lines":[],"origin_location":{"id":1439226986568,"country_code":"VN","province_code":"","name":"The Big Bowl","address1":"48 Ben Van Don","address2":"","city":"Ho Chi Minh City","zip":"100000"}}],"shipping_lines":[{"id":1192416837704,"title":"US Standard shipping with tracking code ( FREE ship for order over $100)","price":"5.95","code":"US Standard shipping with tracking code ( FREE ship for order over $100)","source":"shopify","phone":null,"requested_fulfillment_service_id":null,"delivery_category":null,"carrier_identifier":null,"discounted_price":"5.95","price_set":{"shop_money":{"amount":"5.95","currency_code":"USD"},"presentment_money":{"amount":"5.95","currency_code":"USD"}},"discounted_price_set":{"shop_money":{"amount":"5.95","currency_code":"USD"},"presentment_money":{"amount":"5.95","currency_code":"USD"}},"discount_allocations":[],"tax_lines":[]}],"billing_address":{"first_name":"David","address1":"33 Aspen Street","phone":"(862) 823-4815","city":"Passaic","zip":"07055","province":"New Jersey","country":"United States","last_name":"Walls","address2":"4-D","company":null,"latitude":40.8599472,"longitude":-74.1220479,"name":"David Walls","country_code":"US","province_code":"NJ"},"shipping_address":{"first_name":"Lashawn","address1":"648 East 33rd Street","phone":"(862) 823-4815","city":"Paterson","zip":"07513","province":"New Jersey","country":"United States","last_name":" Cheatom","address2":"","company":null,"latitude":40.9022421,"longitude":-74.1453409,"name":"Lashawn  Cheatom","country_code":"US","province_code":"NJ"},"fulfillments":[],"client_details":{"browser_ip":"47.18.6.5","accept_language":"en-us","user_agent":"Mozilla\/5.0 (iPhone; CPU iPhone OS 12_4 like Mac OS X) AppleWebKit\/605.1.15 (KHTML, like Gecko) Mobile\/15E148 [FBAN\/FBIOS;FBDV\/iPhone9,2;FBMD\/iPhone;FBSN\/iOS;FBSV\/12.4;FBSS\/3;FBID\/phone;FBLC\/en_US;FBOP\/5;FBCR\/Sprint]","session_hash":null,"browser_width":375,"browser_height":581},"refunds":[],"customer":{"id":2236880650312,"email":"dwalls58@yahoo.com","accepts_marketing":false,"created_at":"2019-09-06T15:30:31-06:00","updated_at":"2019-09-06T15:33:39-06:00","first_name":"David","last_name":"Walls","orders_count":1,"state":"disabled","total_spent":"51.94","last_order_id":1379275407432,"note":null,"verified_email":true,"multipass_identifier":null,"tax_exempt":false,"phone":null,"tags":"","last_order_name":"#TBB081008","currency":"USD","accepts_marketing_updated_at":"2019-09-06T15:30:31-06:00","marketing_opt_in_level":null,"tax_exemptions":[],"admin_graphql_api_id":"gid:\/\/shopify\/Customer\/2236880650312","default_address":{"id":2387672006728,"customer_id":2236880650312,"first_name":"Lashawn","last_name":" Cheatom","company":null,"address1":"648 East 33rd Street","address2":"","city":"Paterson","province":"New Jersey","country":"United States","zip":"07513","phone":"(862) 823-4815","name":"Lashawn  Cheatom","province_code":"NJ","country_code":"US","country_name":"United States","default":true}}},{"id":1379070115912,"email":"caddomills052798@gmail.com","closed_at":null,"created_at":"2019-09-06T13:22:16-06:00","updated_at":"2019-09-06T13:22:22-06:00","number":7,"note":"","token":"ae1a428e131b5a71525bc8afb789f13d","gateway":"paypal","test":false,"total_price":"130.25","subtotal_price":"130.25","total_weight":0,"total_tax":"0.00","taxes_included":false,"currency":"USD","financial_status":"paid","confirmed":true,"total_discounts":"11.68","total_line_items_price":"141.93","cart_token":"","buyer_accepts_marketing":false,"name":"#TBB081007","referring_site":"https:\/\/thebigbowl8.myshopify.com\/cart","landing_site":"\/25788579912\/invoices\/dea5ce51f58ae3faca84588b22a4fb36","cancelled_at":null,"cancel_reason":null,"total_price_usd":"130.25","checkout_token":"f0e588a570c6d9a166677b8c3a8ead34","reference":null,"user_id":null,"location_id":32769998920,"source_identifier":null,"source_url":null,"processed_at":"2019-09-06T13:22:15-06:00","device_id":null,"phone":null,"customer_locale":null,"app_id":1354745,"browser_ip":"75.129.90.121","landing_site_ref":null,"order_number":1007,"discount_applications":[{"type":"manual","value":"5.0","value_type":"percentage","allocation_method":"one","target_selection":"explicit","target_type":"line_item","description":"Percentage Discount","title":"Percentage Discount"},{"type":"manual","value":"10.0","value_type":"percentage","allocation_method":"one","target_selection":"explicit","target_type":"line_item","description":"Percentage Discount","title":"Percentage Discount"}],"discount_codes":[],"note_attributes":[],"payment_gateway_names":["paypal"],"processing_method":"express","checkout_id":8642254012488,"source_name":"web","fulfillment_status":null,"tax_lines":[],"tags":"","contact_email":"caddomills052798@gmail.com","order_status_url":"https:\/\/thebigbowl8.myshopify.com\/25788579912\/orders\/ae1a428e131b5a71525bc8afb789f13d\/authenticate?key=c535e9b4a5d79446f66ca619000b5acc","presentment_currency":"USD","total_line_items_price_set":{"shop_money":{"amount":"141.93","currency_code":"USD"},"presentment_money":{"amount":"141.93","currency_code":"USD"}},"total_discounts_set":{"shop_money":{"amount":"11.68","currency_code":"USD"},"presentment_money":{"amount":"11.68","currency_code":"USD"}},"total_shipping_price_set":{"shop_money":{"amount":"0.00","currency_code":"USD"},"presentment_money":{"amount":"0.00","currency_code":"USD"}},"subtotal_price_set":{"shop_money":{"amount":"130.25","currency_code":"USD"},"presentment_money":{"amount":"130.25","currency_code":"USD"}},"total_price_set":{"shop_money":{"amount":"130.25","currency_code":"USD"},"presentment_money":{"amount":"130.25","currency_code":"USD"}},"total_tax_set":{"shop_money":{"amount":"0.00","currency_code":"USD"},"presentment_money":{"amount":"0.00","currency_code":"USD"}},"total_tip_received":"0.0","admin_graphql_api_id":"gid:\/\/shopify\/Order\/1379070115912","line_items":[{"id":2996994867272,"variant_id":29920393691208,"title":"Eagl B170811 RUG","quantity":1,"sku":"","variant_title":"SMALL","vendor":"thebigbowl","fulfillment_service":"manual","product_id":4036352245832,"requires_shipping":true,"taxable":true,"gift_card":false,"name":"Eagl B170811 RUG - SMALL","variant_inventory_management":"shopify","properties":[{"name":"_Added with Frequently Bought Together button","value":""}],"product_exists":true,"fulfillable_quantity":1,"grams":0,"price":"49.95","total_discount":"2.49","fulfillment_status":null,"price_set":{"shop_money":{"amount":"49.95","currency_code":"USD"},"presentment_money":{"amount":"49.95","currency_code":"USD"}},"total_discount_set":{"shop_money":{"amount":"2.49","currency_code":"USD"},"presentment_money":{"amount":"2.49","currency_code":"USD"}},"discount_allocations":[{"amount":"2.49","discount_application_index":0,"amount_set":{"shop_money":{"amount":"2.49","currency_code":"USD"},"presentment_money":{"amount":"2.49","currency_code":"USD"}}}],"admin_graphql_api_id":"gid:\/\/shopify\/LineItem\/2996994867272","tax_lines":[],"origin_location":{"id":1439226986568,"country_code":"VN","province_code":"","name":"The Big Bowl","address1":"48 Ben Van Don","address2":"","city":"Ho Chi Minh City","zip":"100000"},"destination_location":{"id":1439774310472,"country_code":"US","province_code":"MI","name":"Andrew  Luchies","address1":"605 South Main Street","address2":"","city":"Mount Pleasant","zip":"48858"}},{"id":2996994900040,"variant_id":29920194887752,"title":"Chipp Black And White V4","quantity":2,"sku":"","variant_title":"XL \/ HOODIE","vendor":"thebigbowl","fulfillment_service":"manual","product_id":4036325179464,"requires_shipping":true,"taxable":true,"gift_card":false,"name":"Chipp Black And White V4 - XL \/ HOODIE","variant_inventory_management":null,"properties":[],"product_exists":true,"fulfillable_quantity":2,"grams":0,"price":"45.99","total_discount":"9.19","fulfillment_status":null,"price_set":{"shop_money":{"amount":"45.99","currency_code":"USD"},"presentment_money":{"amount":"45.99","currency_code":"USD"}},"total_discount_set":{"shop_money":{"amount":"9.19","currency_code":"USD"},"presentment_money":{"amount":"9.19","currency_code":"USD"}},"discount_allocations":[{"amount":"9.19","discount_application_index":1,"amount_set":{"shop_money":{"amount":"9.19","currency_code":"USD"},"presentment_money":{"amount":"9.19","currency_code":"USD"}}}],"admin_graphql_api_id":"gid:\/\/shopify\/LineItem\/2996994900040","tax_lines":[],"origin_location":{"id":1439226986568,"country_code":"VN","province_code":"","name":"The Big Bowl","address1":"48 Ben Van Don","address2":"","city":"Ho Chi Minh City","zip":"100000"},"destination_location":{"id":1439774310472,"country_code":"US","province_code":"MI","name":"Andrew  Luchies","address1":"605 South Main Street","address2":"","city":"Mount Pleasant","zip":"48858"}}],"shipping_lines":[{"id":1192237006920,"title":"US FREE shipping with tracking code for order over $100","price":"0.00","code":"US FREE shipping with tracking code for order over $100","source":"shopify","phone":null,"requested_fulfillment_service_id":null,"delivery_category":null,"carrier_identifier":null,"discounted_price":"0.00","price_set":{"shop_money":{"amount":"0.00","currency_code":"USD"},"presentment_money":{"amount":"0.00","currency_code":"USD"}},"discounted_price_set":{"shop_money":{"amount":"0.00","currency_code":"USD"},"presentment_money":{"amount":"0.00","currency_code":"USD"}},"discount_allocations":[],"tax_lines":[]}],"billing_address":{"first_name":"Andrew ","address1":"434 East Cherry Street","phone":"+1 231-760-3833","city":"Fremont","zip":"49412","province":"Michigan","country":"United States","last_name":"Luchies ","address2":"","company":null,"latitude":43.4696039,"longitude":-85.935918,"name":"Andrew  Luchies ","country_code":"US","province_code":"MI"},"shipping_address":{"first_name":"Andrew","address1":"605 South Main Street","phone":"+1 231-760-3833","city":"Mount Pleasant","zip":"48858","province":"Michigan","country":"United States","last_name":"Luchies","address2":"","company":null,"latitude":43.5990784,"longitude":-84.7762279,"name":"Andrew Luchies","country_code":"US","province_code":"MI"},"fulfillments":[],"client_details":{"browser_ip":"75.129.90.121","accept_language":"en-us","user_agent":"Mozilla\/5.0 (iPhone; CPU iPhone OS 12_4_1 like Mac OS X) AppleWebKit\/605.1.15 (KHTML, like Gecko) Mobile\/15E148 [FBAN\/FBIOS;FBDV\/iPhone10,2;FBMD\/iPhone;FBSN\/iOS;FBSV\/12.4.1;FBSS\/3;FBID\/phone;FBLC\/en_US;FBOP\/5;FBCR\/Sprint]","session_hash":"5259099b599f8f5117500ce9e335a53d","browser_width":414,"browser_height":670},"refunds":[],"customer":{"id":2236686237768,"email":"caddomills052798@gmail.com","accepts_marketing":false,"created_at":"2019-09-06T13:17:33-06:00","updated_at":"2019-09-06T13:22:16-06:00","first_name":"Andrew","last_name":"Luchies","orders_count":1,"state":"disabled","total_spent":"130.25","last_order_id":1379070115912,"note":null,"verified_email":true,"multipass_identifier":null,"tax_exempt":false,"phone":null,"tags":"","last_order_name":"#TBB081007","currency":"USD","accepts_marketing_updated_at":"2019-09-06T13:17:33-06:00","marketing_opt_in_level":null,"tax_exemptions":[],"admin_graphql_api_id":"gid:\/\/shopify\/Customer\/2236686237768","default_address":{"id":2387448660040,"customer_id":2236686237768,"first_name":"Andrew ","last_name":"Luchies","company":null,"address1":"605 South Main Street","address2":"","city":"Mount Pleasant","province":"Michigan","country":"United States","zip":"48858","phone":"+1 231-760-3833","name":"Andrew  Luchies","province_code":"MI","country_code":"US","country_name":"United States","default":true}}},{"id":1379058188360,"email":"jbjorkman0822@gmail.com","closed_at":null,"created_at":"2019-09-06T13:14:01-06:00","updated_at":"2019-09-06T13:14:03-06:00","number":6,"note":null,"token":"996d9c1b97fae4bb4ddb5680e9ebf40d","gateway":"paypal","test":false,"total_price":"51.94","subtotal_price":"45.99","total_weight":0,"total_tax":"0.00","taxes_included":false,"currency":"USD","financial_status":"paid","confirmed":true,"total_discounts":"0.00","total_line_items_price":"45.99","cart_token":"33d5f45061b21e09956985edadec721c","buyer_accepts_marketing":false,"name":"#TBB081006","referring_site":"http:\/\/m.facebook.com\/","landing_site":"\/products\/patr-black-and-white-v3","cancelled_at":null,"cancel_reason":null,"total_price_usd":"51.94","checkout_token":"62ee0ab6a9b1b1aff2afb5aa399efff0","reference":null,"user_id":null,"location_id":null,"source_identifier":null,"source_url":null,"processed_at":"2019-09-06T13:14:01-06:00","device_id":null,"phone":null,"customer_locale":"en","app_id":580111,"browser_ip":"68.116.185.29","landing_site_ref":null,"order_number":1006,"discount_applications":[],"discount_codes":[],"note_attributes":[],"payment_gateway_names":["paypal"],"processing_method":"express","checkout_id":8642209349704,"source_name":"web","fulfillment_status":null,"tax_lines":[],"tags":"","contact_email":"jbjorkman0822@gmail.com","order_status_url":"https:\/\/thebigbowl8.myshopify.com\/25788579912\/orders\/996d9c1b97fae4bb4ddb5680e9ebf40d\/authenticate?key=8a6db12d3263b93756c3e4df2cfdfadf","presentment_currency":"USD","total_line_items_price_set":{"shop_money":{"amount":"45.99","currency_code":"USD"},"presentment_money":{"amount":"45.99","currency_code":"USD"}},"total_discounts_set":{"shop_money":{"amount":"0.00","currency_code":"USD"},"presentment_money":{"amount":"0.00","currency_code":"USD"}},"total_shipping_price_set":{"shop_money":{"amount":"5.95","currency_code":"USD"},"presentment_money":{"amount":"5.95","currency_code":"USD"}},"subtotal_price_set":{"shop_money":{"amount":"45.99","currency_code":"USD"},"presentment_money":{"amount":"45.99","currency_code":"USD"}},"total_price_set":{"shop_money":{"amount":"51.94","currency_code":"USD"},"presentment_money":{"amount":"51.94","currency_code":"USD"}},"total_tax_set":{"shop_money":{"amount":"0.00","currency_code":"USD"},"presentment_money":{"amount":"0.00","currency_code":"USD"}},"total_tip_received":"0.0","admin_graphql_api_id":"gid:\/\/shopify\/Order\/1379058188360","line_items":[{"id":2996973469768,"variant_id":29920232177736,"title":"Patr Black And White V3","quantity":1,"sku":null,"variant_title":"3XL \/ HOODIE","vendor":"thebigbowl","fulfillment_service":"manual","product_id":4036328587336,"requires_shipping":true,"taxable":true,"gift_card":false,"name":"Patr Black And White V3 - 3XL \/ HOODIE","variant_inventory_management":null,"properties":[],"product_exists":true,"fulfillable_quantity":1,"grams":0,"price":"45.99","total_discount":"0.00","fulfillment_status":null,"price_set":{"shop_money":{"amount":"45.99","currency_code":"USD"},"presentment_money":{"amount":"45.99","currency_code":"USD"}},"total_discount_set":{"shop_money":{"amount":"0.00","currency_code":"USD"},"presentment_money":{"amount":"0.00","currency_code":"USD"}},"discount_allocations":[],"admin_graphql_api_id":"gid:\/\/shopify\/LineItem\/2996973469768","tax_lines":[],"origin_location":{"id":1439226986568,"country_code":"VN","province_code":"","name":"The Big Bowl","address1":"48 Ben Van Don","address2":"","city":"Ho Chi Minh City","zip":"100000"}}],"shipping_lines":[{"id":1192226947144,"title":"US Standard shipping with tracking code ( FREE ship for order over $100)","price":"5.95","code":"US Standard shipping with tracking code ( FREE ship for order over $100)","source":"shopify","phone":null,"requested_fulfillment_service_id":null,"delivery_category":null,"carrier_identifier":null,"discounted_price":"5.95","price_set":{"shop_money":{"amount":"5.95","currency_code":"USD"},"presentment_money":{"amount":"5.95","currency_code":"USD"}},"discounted_price_set":{"shop_money":{"amount":"5.95","currency_code":"USD"},"presentment_money":{"amount":"5.95","currency_code":"USD"}},"discount_allocations":[],"tax_lines":[]}],"billing_address":{"first_name":"19 Lesley ave ","address1":"19 Lesley Avenue","phone":"(774) 437-8353","city":"Auburn","zip":"01501","province":"Massachusetts","country":"United States","last_name":"Bjorkman ","address2":"","company":null,"latitude":42.2244027,"longitude":-71.8099837,"name":"19 Lesley ave  Bjorkman ","country_code":"US","province_code":"MA"},"shipping_address":{"first_name":"19 Lesley ave ","address1":"19 Lesley Avenue","phone":"(774) 437-8353","city":"Auburn","zip":"01501","province":"Massachusetts","country":"United States","last_name":"Bjorkman ","address2":"","company":null,"latitude":42.2244027,"longitude":-71.8099837,"name":"19 Lesley ave  Bjorkman ","country_code":"US","province_code":"MA"},"fulfillments":[],"client_details":{"browser_ip":"68.116.185.29","accept_language":"en-US,en;q=0.9","user_agent":"Mozilla\/5.0 (Linux; Android 9; SM-G955U Build\/PPR1.180610.011; wv) AppleWebKit\/537.36 (KHTML, like Gecko) Version\/4.0 Chrome\/76.0.3809.132 Mobile Safari\/537.36 [FB_IAB\/FB4A;FBAV\/237.0.0.44.120;]","session_hash":null,"browser_width":360,"browser_height":620},"refunds":[],"customer":{"id":2236675883080,"email":"jbjorkman0822@gmail.com","accepts_marketing":false,"created_at":"2019-09-06T13:09:48-06:00","updated_at":"2019-09-06T13:14:02-06:00","first_name":"19 Lesley ave","last_name":"Bjorkman","orders_count":1,"state":"disabled","total_spent":"51.94","last_order_id":1379058188360,"note":null,"verified_email":true,"multipass_identifier":null,"tax_exempt":false,"phone":null,"tags":"","last_order_name":"#TBB081006","currency":"USD","accepts_marketing_updated_at":"2019-09-06T13:09:48-06:00","marketing_opt_in_level":null,"tax_exemptions":[],"admin_graphql_api_id":"gid:\/\/shopify\/Customer\/2236675883080","default_address":{"id":2387436142664,"customer_id":2236675883080,"first_name":"19 Lesley ave ","last_name":"Bjorkman ","company":null,"address1":"19 Lesley Avenue","address2":"","city":"Auburn","province":"Massachusetts","country":"United States","zip":"01501","phone":"(774) 437-8353","name":"19 Lesley ave  Bjorkman ","province_code":"MA","country_code":"US","country_name":"United States","default":true}}},{"id":1379056779336,"email":"bmartz7791@gmail.com","closed_at":null,"created_at":"2019-09-06T13:12:59-06:00","updated_at":"2019-09-06T13:13:01-06:00","number":5,"note":null,"token":"0ae5546f2889d00499ae78b3a1039c10","gateway":"paypal","test":false,"total_price":"65.94","subtotal_price":"45.99","total_weight":0,"total_tax":"0.00","taxes_included":false,"currency":"USD","financial_status":"paid","confirmed":true,"total_discounts":"0.00","total_line_items_price":"45.99","cart_token":"8f05ea0770e6dd2fd0eaff427c51fb70","buyer_accepts_marketing":false,"name":"#TBB081005","referring_site":"http:\/\/m.facebook.com\/","landing_site":"\/products\/cowb-black-and-white-v3","cancelled_at":null,"cancel_reason":null,"total_price_usd":"65.94","checkout_token":"694e70e402b781f417d8d49d4e138061","reference":null,"user_id":null,"location_id":null,"source_identifier":null,"source_url":null,"processed_at":"2019-09-06T13:12:59-06:00","device_id":null,"phone":null,"customer_locale":"en","app_id":580111,"browser_ip":"174.248.195.165","landing_site_ref":null,"order_number":1005,"discount_applications":[],"discount_codes":[],"note_attributes":[],"payment_gateway_names":["paypal"],"processing_method":"express","checkout_id":8642213773384,"source_name":"web","fulfillment_status":null,"tax_lines":[],"tags":"","contact_email":"bmartz7791@gmail.com","order_status_url":"https:\/\/thebigbowl8.myshopify.com\/25788579912\/orders\/0ae5546f2889d00499ae78b3a1039c10\/authenticate?key=2b0f8614dd2667bdcc9d8e5e3596d345","presentment_currency":"USD","total_line_items_price_set":{"shop_money":{"amount":"45.99","currency_code":"USD"},"presentment_money":{"amount":"45.99","currency_code":"USD"}},"total_discounts_set":{"shop_money":{"amount":"0.00","currency_code":"USD"},"presentment_money":{"amount":"0.00","currency_code":"USD"}},"total_shipping_price_set":{"shop_money":{"amount":"19.95","currency_code":"USD"},"presentment_money":{"amount":"19.95","currency_code":"USD"}},"subtotal_price_set":{"shop_money":{"amount":"45.99","currency_code":"USD"},"presentment_money":{"amount":"45.99","currency_code":"USD"}},"total_price_set":{"shop_money":{"amount":"65.94","currency_code":"USD"},"presentment_money":{"amount":"65.94","currency_code":"USD"}},"total_tax_set":{"shop_money":{"amount":"0.00","currency_code":"USD"},"presentment_money":{"amount":"0.00","currency_code":"USD"}},"total_tip_received":"0.0","admin_graphql_api_id":"gid:\/\/shopify\/Order\/1379056779336","line_items":[{"id":2996969308232,"variant_id":29920255574088,"title":"Cowb Black And White V3","quantity":1,"sku":null,"variant_title":"M \/ HOODIE","vendor":"thebigbowl","fulfillment_service":"manual","product_id":4036330913864,"requires_shipping":true,"taxable":true,"gift_card":false,"name":"Cowb Black And White V3 - M \/ HOODIE","variant_inventory_management":null,"properties":[],"product_exists":true,"fulfillable_quantity":1,"grams":0,"price":"45.99","total_discount":"0.00","fulfillment_status":null,"price_set":{"shop_money":{"amount":"45.99","currency_code":"USD"},"presentment_money":{"amount":"45.99","currency_code":"USD"}},"total_discount_set":{"shop_money":{"amount":"0.00","currency_code":"USD"},"presentment_money":{"amount":"0.00","currency_code":"USD"}},"discount_allocations":[],"admin_graphql_api_id":"gid:\/\/shopify\/LineItem\/2996969308232","tax_lines":[],"origin_location":{"id":1439226986568,"country_code":"VN","province_code":"","name":"The Big Bowl","address1":"48 Ben Van Don","address2":"","city":"Ho Chi Minh City","zip":"100000"}}],"shipping_lines":[{"id":1192225701960,"title":"Priority Care Shipping - Guarantees that your package is insured against loss, damage or missing contents. To ensure that you are fully protected, we highly recommend that you add Priority Care shipping to your order","price":"19.95","code":"Priority Care Shipping - Guarantees that your package is insured against loss, damage or missing contents. To ensure that you are fully protected, we highly recommend that you add Priority Care shipping to your order","source":"shopify","phone":null,"requested_fulfillment_service_id":null,"delivery_category":null,"carrier_identifier":null,"discounted_price":"19.95","price_set":{"shop_money":{"amount":"19.95","currency_code":"USD"},"presentment_money":{"amount":"19.95","currency_code":"USD"}},"discounted_price_set":{"shop_money":{"amount":"19.95","currency_code":"USD"},"presentment_money":{"amount":"19.95","currency_code":"USD"}},"discount_allocations":[],"tax_lines":[]}],"billing_address":{"first_name":"Brian ","address1":"1776n west kendall rd","phone":"(906) 286-9091","city":"Manistique","zip":"49854","province":"Michigan","country":"United States","last_name":"Martz","address2":"","company":null,"latitude":46.0068688,"longitude":-86.1786322,"name":"Brian  Martz","country_code":"US","province_code":"MI"},"shipping_address":{"first_name":"Brian","address1":"6202w US HWY 2","phone":"(906) 286-9091","city":"Manistique","zip":"49854","province":"Michigan","country":"United States","last_name":"Martz","address2":"","company":null,"latitude":45.9687768,"longitude":-86.18922959999999,"name":"Brian Martz","country_code":"US","province_code":"MI"},"fulfillments":[],"client_details":{"browser_ip":"174.248.195.165","accept_language":"en-US,en;q=0.9","user_agent":"Mozilla\/5.0 (Linux; Android 9; SM-N976V Build\/PPR1.180610.011; wv) AppleWebKit\/537.36 (KHTML, like Gecko) Version\/4.0 Chrome\/76.0.3809.111 Mobile Safari\/537.36 [FB_IAB\/FB4A;FBAV\/235.0.0.38.118;]","session_hash":null,"browser_width":412,"browser_height":741},"refunds":[],"customer":{"id":2236675555400,"email":"bmartz7791@gmail.com","accepts_marketing":false,"created_at":"2019-09-06T13:09:32-06:00","updated_at":"2019-09-06T13:13:00-06:00","first_name":"Brian","last_name":"Martz","orders_count":1,"state":"disabled","total_spent":"65.94","last_order_id":1379056779336,"note":null,"verified_email":true,"multipass_identifier":null,"tax_exempt":false,"phone":null,"tags":"","last_order_name":"#TBB081005","currency":"USD","accepts_marketing_updated_at":"2019-09-06T13:09:33-06:00","marketing_opt_in_level":null,"tax_exemptions":[],"admin_graphql_api_id":"gid:\/\/shopify\/Customer\/2236675555400","default_address":{"id":2387435716680,"customer_id":2236675555400,"first_name":"Brian","last_name":"Martz","company":null,"address1":"6202w US HWY 2","address2":"","city":"Manistique","province":"Michigan","country":"United States","zip":"49854","phone":"(906) 286-9091","name":"Brian Martz","province_code":"MI","country_code":"US","country_name":"United States","default":true}}},{"id":1379023028296,"email":"bev_taylor@yahoo.com","closed_at":null,"created_at":"2019-09-06T12:50:19-06:00","updated_at":"2019-09-06T12:50:26-06:00","number":4,"note":"","token":"e4c3328028914c78c1982ee3d6fb7180","gateway":"paypal","test":false,"total_price":"49.65","subtotal_price":"43.70","total_weight":0,"total_tax":"0.00","taxes_included":false,"currency":"USD","financial_status":"paid","confirmed":true,"total_discounts":"2.29","total_line_items_price":"45.99","cart_token":"","buyer_accepts_marketing":false,"name":"#TBB081004","referring_site":"https:\/\/thebigbowl8.myshopify.com\/cart","landing_site":"\/25788579912\/invoices\/c5defa35c11b24e15a87847987fbf16e","cancelled_at":null,"cancel_reason":null,"total_price_usd":"49.65","checkout_token":"35ec74e4e94213997ec04836706c5a3f","reference":null,"user_id":null,"location_id":32769998920,"source_identifier":null,"source_url":null,"processed_at":"2019-09-06T12:50:19-06:00","device_id":null,"phone":null,"customer_locale":null,"app_id":1354745,"browser_ip":"174.241.8.238","landing_site_ref":null,"order_number":1004,"discount_applications":[{"type":"manual","value":"5.0","value_type":"percentage","allocation_method":"one","target_selection":"explicit","target_type":"line_item","description":"Percentage Discount","title":"Percentage Discount"}],"discount_codes":[],"note_attributes":[],"payment_gateway_names":["paypal"],"processing_method":"express","checkout_id":8642128216136,"source_name":"web","fulfillment_status":null,"tax_lines":[],"tags":"","contact_email":"bev_taylor@yahoo.com","order_status_url":"https:\/\/thebigbowl8.myshopify.com\/25788579912\/orders\/e4c3328028914c78c1982ee3d6fb7180\/authenticate?key=f13044607f0aa6aeedd85fa2f5efffd0","presentment_currency":"USD","total_line_items_price_set":{"shop_money":{"amount":"45.99","currency_code":"USD"},"presentment_money":{"amount":"45.99","currency_code":"USD"}},"total_discounts_set":{"shop_money":{"amount":"2.29","currency_code":"USD"},"presentment_money":{"amount":"2.29","currency_code":"USD"}},"total_shipping_price_set":{"shop_money":{"amount":"5.95","currency_code":"USD"},"presentment_money":{"amount":"5.95","currency_code":"USD"}},"subtotal_price_set":{"shop_money":{"amount":"43.70","currency_code":"USD"},"presentment_money":{"amount":"43.70","currency_code":"USD"}},"total_price_set":{"shop_money":{"amount":"49.65","currency_code":"USD"},"presentment_money":{"amount":"49.65","currency_code":"USD"}},"total_tax_set":{"shop_money":{"amount":"0.00","currency_code":"USD"},"presentment_money":{"amount":"0.00","currency_code":"USD"}},"total_tip_received":"0.0","admin_graphql_api_id":"gid:\/\/shopify\/Order\/1379023028296","line_items":[{"id":2996904624200,"variant_id":29920242106440,"title":"Colt Black And White V3","quantity":1,"sku":null,"variant_title":"XL \/ HOODIE","vendor":"thebigbowl","fulfillment_service":"manual","product_id":4036329472072,"requires_shipping":true,"taxable":true,"gift_card":false,"name":"Colt Black And White V3 - XL \/ HOODIE","variant_inventory_management":null,"properties":[],"product_exists":true,"fulfillable_quantity":1,"grams":0,"price":"45.99","total_discount":"2.29","fulfillment_status":null,"price_set":{"shop_money":{"amount":"45.99","currency_code":"USD"},"presentment_money":{"amount":"45.99","currency_code":"USD"}},"total_discount_set":{"shop_money":{"amount":"2.29","currency_code":"USD"},"presentment_money":{"amount":"2.29","currency_code":"USD"}},"discount_allocations":[{"amount":"2.29","discount_application_index":0,"amount_set":{"shop_money":{"amount":"2.29","currency_code":"USD"},"presentment_money":{"amount":"2.29","currency_code":"USD"}}}],"admin_graphql_api_id":"gid:\/\/shopify\/LineItem\/2996904624200","tax_lines":[],"origin_location":{"id":1439226986568,"country_code":"VN","province_code":"","name":"The Big Bowl","address1":"48 Ben Van Don","address2":"","city":"Ho Chi Minh City","zip":"100000"},"destination_location":{"id":1439724306504,"country_code":"US","province_code":"IN","name":"Beverly Taylor","address1":"1104 west Broadway st","address2":"","city":"Loogootee","zip":"47553"}}],"shipping_lines":[{"id":1192196800584,"title":"US Standard shipping with tracking code ( FREE ship for order over $100)","price":"5.95","code":"US Standard shipping with tracking code ( FREE ship for order over $100)","source":"shopify","phone":null,"requested_fulfillment_service_id":null,"delivery_category":null,"carrier_identifier":null,"discounted_price":"5.95","price_set":{"shop_money":{"amount":"5.95","currency_code":"USD"},"presentment_money":{"amount":"5.95","currency_code":"USD"}},"discounted_price_set":{"shop_money":{"amount":"5.95","currency_code":"USD"},"presentment_money":{"amount":"5.95","currency_code":"USD"}},"discount_allocations":[],"tax_lines":[]}],"billing_address":{"first_name":"Beverly","address1":"1104 west Broadway st","phone":"1 (812) 709-0941","city":"Loogootee","zip":"47553","province":"Indiana","country":"United States","last_name":"Taylor","address2":"","company":null,"latitude":38.6662253,"longitude":-86.92137609999999,"name":"Beverly Taylor","country_code":"US","province_code":"IN"},"shipping_address":{"first_name":"Beverly","address1":"1104 west Broadway st","phone":"1 (812) 709-0941","city":"Loogootee","zip":"47553","province":"Indiana","country":"United States","last_name":"Taylor","address2":"","company":null,"latitude":38.6662253,"longitude":-86.92137609999999,"name":"Beverly Taylor","country_code":"US","province_code":"IN"},"fulfillments":[],"client_details":{"browser_ip":"174.241.8.238","accept_language":"en-US,en;q=0.9","user_agent":"Mozilla\/5.0 (Linux; Android 8.0.0; VS988 Build\/OPR1.170623.032; wv) AppleWebKit\/537.36 (KHTML, like Gecko) Version\/4.0 Chrome\/75.0.3770.143 Mobile Safari\/537.36 [FB_IAB\/FB4A;FBAV\/230.0.0.36.117;]","session_hash":"ccece7c9d8e76733ab70d9fdae543710","browser_width":360,"browser_height":596},"refunds":[],"customer":{"id":2236627288136,"email":"bev_taylor@yahoo.com","accepts_marketing":false,"created_at":"2019-09-06T12:36:21-06:00","updated_at":"2019-09-06T12:50:20-06:00","first_name":"Beverly","last_name":"Taylor","orders_count":1,"state":"disabled","total_spent":"49.65","last_order_id":1379023028296,"note":null,"verified_email":true,"multipass_identifier":null,"tax_exempt":false,"phone":null,"tags":"","last_order_name":"#TBB081004","currency":"USD","accepts_marketing_updated_at":"2019-09-06T12:36:22-06:00","marketing_opt_in_level":null,"tax_exemptions":[],"admin_graphql_api_id":"gid:\/\/shopify\/Customer\/2236627288136","default_address":{"id":2387401408584,"customer_id":2236627288136,"first_name":"Beverly","last_name":"Taylor","company":null,"address1":"1104 west Broadway st","address2":"","city":"Loogootee","province":"Indiana","country":"United States","zip":"47553","phone":"1 (812) 709-0941","name":"Beverly Taylor","province_code":"IN","country_code":"US","country_name":"United States","default":true}}},{"id":1379016998984,"email":"southgateroad2019@gmail.com","closed_at":null,"created_at":"2019-09-06T12:46:09-06:00","updated_at":"2019-09-06T12:46:13-06:00","number":3,"note":null,"token":"c768effd703fb91e84e0c5787681d23f","gateway":"paypal","test":false,"total_price":"51.94","subtotal_price":"45.99","total_weight":0,"total_tax":"0.00","taxes_included":false,"currency":"USD","financial_status":"paid","confirmed":true,"total_discounts":"0.00","total_line_items_price":"45.99","cart_token":"5b97ce679e488c9cc65c0cc462687e22","buyer_accepts_marketing":false,"name":"#TBB081003","referring_site":"http:\/\/m.facebook.com\/","landing_site":"\/products\/brow-black-and-white-v3","cancelled_at":null,"cancel_reason":null,"total_price_usd":"51.94","checkout_token":"5508059219a8c3e64c77e28238fc0d99","reference":null,"user_id":null,"location_id":null,"source_identifier":null,"source_url":null,"processed_at":"2019-09-06T12:46:09-06:00","device_id":null,"phone":null,"customer_locale":"en","app_id":580111,"browser_ip":"174.255.2.191","landing_site_ref":null,"order_number":1003,"discount_applications":[],"discount_codes":[],"note_attributes":[],"payment_gateway_names":["paypal"],"processing_method":"express","checkout_id":8642106753096,"source_name":"web","fulfillment_status":null,"tax_lines":[],"tags":"","contact_email":"southgateroad2019@gmail.com","order_status_url":"https:\/\/thebigbowl8.myshopify.com\/25788579912\/orders\/c768effd703fb91e84e0c5787681d23f\/authenticate?key=7b27a84d547938cc075af6fc80a07dc8","presentment_currency":"USD","total_line_items_price_set":{"shop_money":{"amount":"45.99","currency_code":"USD"},"presentment_money":{"amount":"45.99","currency_code":"USD"}},"total_discounts_set":{"shop_money":{"amount":"0.00","currency_code":"USD"},"presentment_money":{"amount":"0.00","currency_code":"USD"}},"total_shipping_price_set":{"shop_money":{"amount":"5.95","currency_code":"USD"},"presentment_money":{"amount":"5.95","currency_code":"USD"}},"subtotal_price_set":{"shop_money":{"amount":"45.99","currency_code":"USD"},"presentment_money":{"amount":"45.99","currency_code":"USD"}},"total_price_set":{"shop_money":{"amount":"51.94","currency_code":"USD"},"presentment_money":{"amount":"51.94","currency_code":"USD"}},"total_tax_set":{"shop_money":{"amount":"0.00","currency_code":"USD"},"presentment_money":{"amount":"0.00","currency_code":"USD"}},"total_tip_received":"0.0","admin_graphql_api_id":"gid:\/\/shopify\/Order\/1379016998984","line_items":[{"id":2996895055944,"variant_id":29920257769544,"title":"Brow Black And White V3","quantity":1,"sku":null,"variant_title":"L \/ HOODIE","vendor":"thebigbowl","fulfillment_service":"manual","product_id":4036331110472,"requires_shipping":true,"taxable":true,"gift_card":false,"name":"Brow Black And White V3 - L \/ HOODIE","variant_inventory_management":null,"properties":[],"product_exists":true,"fulfillable_quantity":1,"grams":0,"price":"45.99","total_discount":"0.00","fulfillment_status":null,"price_set":{"shop_money":{"amount":"45.99","currency_code":"USD"},"presentment_money":{"amount":"45.99","currency_code":"USD"}},"total_discount_set":{"shop_money":{"amount":"0.00","currency_code":"USD"},"presentment_money":{"amount":"0.00","currency_code":"USD"}},"discount_allocations":[],"admin_graphql_api_id":"gid:\/\/shopify\/LineItem\/2996895055944","tax_lines":[],"origin_location":{"id":1439226986568,"country_code":"VN","province_code":"","name":"The Big Bowl","address1":"48 Ben Van Don","address2":"","city":"Ho Chi Minh City","zip":"100000"}}],"shipping_lines":[{"id":1192191787080,"title":"US Standard shipping with tracking code ( FREE ship for order over $100)","price":"5.95","code":"US Standard shipping with tracking code ( FREE ship for order over $100)","source":"shopify","phone":null,"requested_fulfillment_service_id":null,"delivery_category":null,"carrier_identifier":null,"discounted_price":"5.95","price_set":{"shop_money":{"amount":"5.95","currency_code":"USD"},"presentment_money":{"amount":"5.95","currency_code":"USD"}},"discounted_price_set":{"shop_money":{"amount":"5.95","currency_code":"USD"},"presentment_money":{"amount":"5.95","currency_code":"USD"}},"discount_allocations":[],"tax_lines":[]}],"billing_address":{"first_name":"Angela","address1":"62950 byesville rd lot 103","phone":"(740) 260-6513","city":"Cambridge","zip":"43725","province":"Ohio","country":"United States","last_name":"Bivens","address2":"","company":null,"latitude":39.9949684,"longitude":-81.5601956,"name":"Angela Bivens","country_code":"US","province_code":"OH"},"shipping_address":{"first_name":"Angela","address1":"62950 byesville rd lot 103","phone":"(740) 260-6513","city":"Cambridge","zip":"43725","province":"Ohio","country":"United States","last_name":"Bivens","address2":"","company":null,"latitude":39.9949684,"longitude":-81.5601956,"name":"Angela Bivens","country_code":"US","province_code":"OH"},"fulfillments":[],"client_details":{"browser_ip":"174.255.2.191","accept_language":"en-US,en;q=0.9","user_agent":"Mozilla\/5.0 (Linux; Android 8.1.0; LML713DL Build\/OPM1.171019.019; wv) AppleWebKit\/537.36 (KHTML, like Gecko) Version\/4.0 Chrome\/76.0.3809.111 Mobile Safari\/537.36 [FB_IAB\/FB4A;FBAV\/234.0.0.30.115;]","session_hash":null,"browser_width":412,"browser_height":703},"refunds":[],"customer":{"id":2236638494792,"email":"southgateroad2019@gmail.com","accepts_marketing":false,"created_at":"2019-09-06T12:44:04-06:00","updated_at":"2019-09-06T12:46:10-06:00","first_name":"Angela","last_name":"Bivens","orders_count":1,"state":"disabled","total_spent":"51.94","last_order_id":1379016998984,"note":null,"verified_email":true,"multipass_identifier":null,"tax_exempt":false,"phone":null,"tags":"","last_order_name":"#TBB081003","currency":"USD","accepts_marketing_updated_at":"2019-09-06T12:44:04-06:00","marketing_opt_in_level":null,"tax_exemptions":[],"admin_graphql_api_id":"gid:\/\/shopify\/Customer\/2236638494792","default_address":{"id":2387390136392,"customer_id":2236638494792,"first_name":"Angela","last_name":"Bivens","company":null,"address1":"62950 byesville rd lot 103","address2":"","city":"Cambridge","province":"Ohio","country":"United States","zip":"43725","phone":"(740) 260-6513","name":"Angela Bivens","province_code":"OH","country_code":"US","country_name":"United States","default":true}}},{"id":1378997010504,"email":"wheeler.mark68@gmail.com","closed_at":null,"created_at":"2019-09-06T12:34:02-06:00","updated_at":"2019-09-06T12:34:06-06:00","number":2,"note":null,"token":"c40424000d14d44cafb667820585a714","gateway":"paypal","test":false,"total_price":"65.94","subtotal_price":"59.99","total_weight":0,"total_tax":"0.00","taxes_included":false,"currency":"USD","financial_status":"paid","confirmed":true,"total_discounts":"0.00","total_line_items_price":"59.99","cart_token":"72f59bb59f737d20a4a09ff8cd9ff4ab","buyer_accepts_marketing":false,"name":"#TBB081002","referring_site":"http:\/\/m.facebook.com\/","landing_site":"\/products\/bron-black-and-white-v3","cancelled_at":null,"cancel_reason":null,"total_price_usd":"65.94","checkout_token":"0fc979b9a63db50ae998a385cf2c17af","reference":null,"user_id":null,"location_id":null,"source_identifier":null,"source_url":null,"processed_at":"2019-09-06T12:34:01-06:00","device_id":null,"phone":null,"customer_locale":"en","app_id":580111,"browser_ip":"24.241.80.229","landing_site_ref":null,"order_number":1002,"discount_applications":[],"discount_codes":[],"note_attributes":[],"payment_gateway_names":["paypal"],"processing_method":"express","checkout_id":8642045640776,"source_name":"web","fulfillment_status":null,"tax_lines":[],"tags":"","contact_email":"wheeler.mark68@gmail.com","order_status_url":"https:\/\/thebigbowl8.myshopify.com\/25788579912\/orders\/c40424000d14d44cafb667820585a714\/authenticate?key=479b86a0b53a55831a87f99504e70672","presentment_currency":"USD","total_line_items_price_set":{"shop_money":{"amount":"59.99","currency_code":"USD"},"presentment_money":{"amount":"59.99","currency_code":"USD"}},"total_discounts_set":{"shop_money":{"amount":"0.00","currency_code":"USD"},"presentment_money":{"amount":"0.00","currency_code":"USD"}},"total_shipping_price_set":{"shop_money":{"amount":"5.95","currency_code":"USD"},"presentment_money":{"amount":"5.95","currency_code":"USD"}},"subtotal_price_set":{"shop_money":{"amount":"59.99","currency_code":"USD"},"presentment_money":{"amount":"59.99","currency_code":"USD"}},"total_price_set":{"shop_money":{"amount":"65.94","currency_code":"USD"},"presentment_money":{"amount":"65.94","currency_code":"USD"}},"total_tax_set":{"shop_money":{"amount":"0.00","currency_code":"USD"},"presentment_money":{"amount":"0.00","currency_code":"USD"}},"total_tip_received":"0.0","admin_graphql_api_id":"gid:\/\/shopify\/Order\/1378997010504","line_items":[{"id":2996855406664,"variant_id":29920375832648,"title":"Soon Black And White","quantity":1,"sku":"","variant_title":"2XL \/ ZIP HOODIE","vendor":"thebigbowl","fulfillment_service":"manual","product_id":4036349362248,"requires_shipping":true,"taxable":true,"gift_card":false,"name":"Soon Black And White - 2XL \/ ZIP HOODIE","variant_inventory_management":null,"properties":[],"product_exists":true,"fulfillable_quantity":1,"grams":0,"price":"59.99","total_discount":"0.00","fulfillment_status":null,"price_set":{"shop_money":{"amount":"59.99","currency_code":"USD"},"presentment_money":{"amount":"59.99","currency_code":"USD"}},"total_discount_set":{"shop_money":{"amount":"0.00","currency_code":"USD"},"presentment_money":{"amount":"0.00","currency_code":"USD"}},"discount_allocations":[],"admin_graphql_api_id":"gid:\/\/shopify\/LineItem\/2996855406664","tax_lines":[],"origin_location":{"id":1439226986568,"country_code":"VN","province_code":"","name":"The Big Bowl","address1":"48 Ben Van Don","address2":"","city":"Ho Chi Minh City","zip":"100000"}}],"shipping_lines":[{"id":1192174747720,"title":"US Standard shipping with tracking code ( FREE ship for order over $100)","price":"5.95","code":"US Standard shipping with tracking code ( FREE ship for order over $100)","source":"shopify","phone":null,"requested_fulfillment_service_id":null,"delivery_category":null,"carrier_identifier":null,"discounted_price":"5.95","price_set":{"shop_money":{"amount":"5.95","currency_code":"USD"},"presentment_money":{"amount":"5.95","currency_code":"USD"}},"discounted_price_set":{"shop_money":{"amount":"5.95","currency_code":"USD"},"presentment_money":{"amount":"5.95","currency_code":"USD"}},"discount_allocations":[],"tax_lines":[]}],"billing_address":{"first_name":"Mark","address1":"704 East Philip Avenue","phone":"(970) 305-7806","city":"North Platte","zip":"69101","province":"Nebraska","country":"United States","last_name":"Wheeler","address2":"Apt. 101","company":null,"latitude":41.1257834,"longitude":-100.7560832,"name":"Mark Wheeler","country_code":"US","province_code":"NE"},"shipping_address":{"first_name":"Mark","address1":"102 East William Avenue","phone":"(970) 305-7806","city":"North Platte","zip":"69101","province":"Nebraska","country":"United States","last_name":"Wheeler","address2":"","company":null,"latitude":41.123811,"longitude":-100.763522,"name":"Mark Wheeler","country_code":"US","province_code":"NE"},"fulfillments":[],"client_details":{"browser_ip":"24.241.80.229","accept_language":"en-US,en;q=0.9","user_agent":"Mozilla\/5.0 (Linux; Android 9; SM-J737VPP Build\/PPR1.180610.011; wv) AppleWebKit\/537.36 (KHTML, like Gecko) Version\/4.0 Chrome\/76.0.3809.132 Mobile Safari\/537.36 [FB_IAB\/FB4A;FBAV\/237.0.0.44.120;]","session_hash":null,"browser_width":412,"browser_height":660},"refunds":[],"customer":{"id":2236614508616,"email":"wheeler.mark68@gmail.com","accepts_marketing":false,"created_at":"2019-09-06T12:28:07-06:00","updated_at":"2019-09-06T12:34:02-06:00","first_name":"Mark","last_name":"Wheeler","orders_count":1,"state":"disabled","total_spent":"65.94","last_order_id":1378997010504,"note":null,"verified_email":true,"multipass_identifier":null,"tax_exempt":false,"phone":null,"tags":"","last_order_name":"#TBB081002","currency":"USD","accepts_marketing_updated_at":"2019-09-06T12:28:07-06:00","marketing_opt_in_level":null,"tax_exemptions":[],"admin_graphql_api_id":"gid:\/\/shopify\/Customer\/2236614508616","default_address":{"id":2387372507208,"customer_id":2236614508616,"first_name":"Mark","last_name":"Wheeler","company":null,"address1":"102 East William Avenue","address2":"","city":"North Platte","province":"Nebraska","country":"United States","zip":"69101","phone":"(970) 305-7806","name":"Mark Wheeler","province_code":"NE","country_code":"US","country_name":"United States","default":true}}},{"id":1378981085256,"email":"ncaacrafty88@gmail.com","closed_at":null,"created_at":"2019-09-06T12:22:21-06:00","updated_at":"2019-09-06T12:22:28-06:00","number":1,"note":null,"token":"4438a9d815cbca6d09086b18eb13b0b2","gateway":"paypal","test":false,"total_price":"51.94","subtotal_price":"45.99","total_weight":0,"total_tax":"0.00","taxes_included":false,"currency":"USD","financial_status":"paid","confirmed":true,"total_discounts":"0.00","total_line_items_price":"45.99","cart_token":"4b718097c190ea73aed3ab361961f3ac","buyer_accepts_marketing":false,"name":"#TBB081001","referring_site":"http:\/\/m.facebook.com","landing_site":"\/products\/brow-black-and-white-v3","cancelled_at":null,"cancel_reason":null,"total_price_usd":"51.94","checkout_token":"31b6d4dd4e65e34211299b5f5d95a1e4","reference":null,"user_id":null,"location_id":null,"source_identifier":null,"source_url":null,"processed_at":"2019-09-06T12:22:20-06:00","device_id":null,"phone":null,"customer_locale":"en","app_id":580111,"browser_ip":"24.29.89.231","landing_site_ref":null,"order_number":1001,"discount_applications":[],"discount_codes":[],"note_attributes":[],"payment_gateway_names":["paypal"],"processing_method":"express","checkout_id":8642020409416,"source_name":"web","fulfillment_status":null,"tax_lines":[],"tags":"","contact_email":"ncaacrafty88@gmail.com","order_status_url":"https:\/\/thebigbowl8.myshopify.com\/25788579912\/orders\/4438a9d815cbca6d09086b18eb13b0b2\/authenticate?key=78f0d6c0110998b31bc34ddca577f480","presentment_currency":"USD","total_line_items_price_set":{"shop_money":{"amount":"45.99","currency_code":"USD"},"presentment_money":{"amount":"45.99","currency_code":"USD"}},"total_discounts_set":{"shop_money":{"amount":"0.00","currency_code":"USD"},"presentment_money":{"amount":"0.00","currency_code":"USD"}},"total_shipping_price_set":{"shop_money":{"amount":"5.95","currency_code":"USD"},"presentment_money":{"amount":"5.95","currency_code":"USD"}},"subtotal_price_set":{"shop_money":{"amount":"45.99","currency_code":"USD"},"presentment_money":{"amount":"45.99","currency_code":"USD"}},"total_price_set":{"shop_money":{"amount":"51.94","currency_code":"USD"},"presentment_money":{"amount":"51.94","currency_code":"USD"}},"total_tax_set":{"shop_money":{"amount":"0.00","currency_code":"USD"},"presentment_money":{"amount":"0.00","currency_code":"USD"}},"total_tip_received":"0.0","admin_graphql_api_id":"gid:\/\/shopify\/Order\/1378981085256","line_items":[{"id":2996826898504,"variant_id":29920257933384,"title":"Brow Black And White V3","quantity":1,"sku":null,"variant_title":"XL \/ HOODIE","vendor":"thebigbowl","fulfillment_service":"manual","product_id":4036331110472,"requires_shipping":true,"taxable":true,"gift_card":false,"name":"Brow Black And White V3 - XL \/ HOODIE","variant_inventory_management":null,"properties":[],"product_exists":true,"fulfillable_quantity":1,"grams":0,"price":"45.99","total_discount":"0.00","fulfillment_status":null,"price_set":{"shop_money":{"amount":"45.99","currency_code":"USD"},"presentment_money":{"amount":"45.99","currency_code":"USD"}},"total_discount_set":{"shop_money":{"amount":"0.00","currency_code":"USD"},"presentment_money":{"amount":"0.00","currency_code":"USD"}},"discount_allocations":[],"admin_graphql_api_id":"gid:\/\/shopify\/LineItem\/2996826898504","tax_lines":[],"origin_location":{"id":1439226986568,"country_code":"VN","province_code":"","name":"The Big Bowl","address1":"48 Ben Van Don","address2":"","city":"Ho Chi Minh City","zip":"100000"}}],"shipping_lines":[{"id":1192160788552,"title":"US Standard shipping with tracking code ( FREE ship for order over $100)","price":"5.95","code":"US Standard shipping with tracking code ( FREE ship for order over $100)","source":"shopify","phone":null,"requested_fulfillment_service_id":null,"delivery_category":null,"carrier_identifier":null,"discounted_price":"5.95","price_set":{"shop_money":{"amount":"5.95","currency_code":"USD"},"presentment_money":{"amount":"5.95","currency_code":"USD"}},"discounted_price_set":{"shop_money":{"amount":"5.95","currency_code":"USD"},"presentment_money":{"amount":"5.95","currency_code":"USD"}},"discount_allocations":[],"tax_lines":[]}],"billing_address":{"first_name":"Neil ","address1":"2905 Cuylerville Road","phone":"+1 585-322-4802","city":"Leicester","zip":"14481","province":"New York","country":"United States","last_name":"Craft II","address2":"","company":null,"latitude":42.7752057,"longitude":-77.87256909999999,"name":"Neil  Craft II","country_code":"US","province_code":"NY"},"shipping_address":{"first_name":"Neil ","address1":"2905 Cuylerville Road","phone":"+1 585-322-4802","city":"Leicester","zip":"14481","province":"New York","country":"United States","last_name":"Craft II","address2":"","company":null,"latitude":42.7752057,"longitude":-77.87256909999999,"name":"Neil  Craft II","country_code":"US","province_code":"NY"},"fulfillments":[],"client_details":{"browser_ip":"24.29.89.231","accept_language":"en-us","user_agent":"Mozilla\/5.0 (iPhone; CPU iPhone OS 12_4_1 like Mac OS X) AppleWebKit\/605.1.15 (KHTML, like Gecko) Mobile\/15E148 [FBAN\/FBIOS;FBDV\/iPhone11,2;FBMD\/iPhone;FBSN\/iOS;FBSV\/12.4.1;FBSS\/3;FBID\/phone;FBLC\/en_US;FBOP\/5;FBCR\/Verizon]","session_hash":null,"browser_width":375,"browser_height":702},"refunds":[],"customer":{"id":2236603695176,"email":"ncaacrafty88@gmail.com","accepts_marketing":false,"created_at":"2019-09-06T12:20:32-06:00","updated_at":"2019-09-06T12:22:21-06:00","first_name":"Neil","last_name":"Craft II","orders_count":1,"state":"disabled","total_spent":"51.94","last_order_id":1378981085256,"note":null,"verified_email":true,"multipass_identifier":null,"tax_exempt":false,"phone":null,"tags":"","last_order_name":"#TBB081001","currency":"USD","accepts_marketing_updated_at":"2019-09-06T12:20:32-06:00","marketing_opt_in_level":null,"tax_exemptions":[],"admin_graphql_api_id":"gid:\/\/shopify\/Customer\/2236603695176","default_address":{"id":2387350159432,"customer_id":2236603695176,"first_name":"Neil ","last_name":"Craft II","company":null,"address1":"2905 Cuylerville Road","address2":"","city":"Leicester","province":"New York","country":"United States","zip":"14481","phone":"+1 585-322-4802","name":"Neil  Craft II","province_code":"NY","country_code":"US","country_name":"United States","default":true}}}]}
