{"checkouts":[{"id":7814365478998,"token":"0e679e3af19c565fabcfafbd5339d0ed","cart_token":"36540a6d468295c66dcca4c5ce4e5de2","email":"nonawilkerson@gmail.com","gateway":null,"buyer_accepts_marketing":false,"created_at":"2019-08-21T14:38:56-06:00","updated_at":"2019-08-21T14:39:48-06:00","landing_site":"\/\/products\/bull-fleece-jacket-for-fans","note":null,"note_attributes":[],"referring_site":"http:\/\/m.facebook.com\/","shipping_lines":[],"taxes_included":false,"total_weight":0,"currency":"USD","completed_at":null,"closed_at":null,"user_id":null,"location_id":null,"source_identifier":null,"source_url":null,"device_id":null,"phone":null,"customer_locale":"en","line_items":[{"applied_discounts":[],"key":"860335abe94b488032466e43493d130b","destination_location_id":null,"fulfillment_service":"manual","gift_card":false,"grams":0,"origin_location_id":1377789378646,"product_id":4002731622486,"properties":[],"quantity":1,"requires_shipping":true,"sku":"","tax_lines":[],"taxable":true,"title":"Bull Fleece\/Jacket For Fans","variant_id":29722603094102,"variant_title":"2XL \/ Bomber Jacket","variant_price":"74.95","vendor":"thebigbowl","user_id":null,"unit_price_measurement":{"measured_type":null,"quantity_value":null,"quantity_unit":null,"reference_value":null,"reference_unit":null},"country_hs_codes":[],"country_code_of_origin":null,"province_code_of_origin":null,"harmonized_system_code":null,"compare_at_price":null,"line_price":"74.95","price":"74.95"}],"name":"#7814365478998","source":null,"abandoned_checkout_url":"https:\/\/thebigbowlsshop.com\/25457688662\/checkouts\/0e679e3af19c565fabcfafbd5339d0ed\/recover?key=a51385570788d62a2abce65aa552689e","discount_codes":[],"tax_lines":[],"source_name":"web","presentment_currency":"USD","total_discounts":"0.00","total_line_items_price":"74.95","total_price":"74.95","total_tax":"0.00","subtotal_price":"74.95","shipping_address":{"first_name":"Len","address1":"1006 Rockmont Circle Southwest","phone":"(770) 922-5371","city":"Conyers","zip":"30094","province":"Georgia","country":"United States","last_name":"Wasendorf","address2":"","company":null,"latitude":33.6617415,"longitude":-84.0376715,"name":"Len Wasendorf","country_code":"US","province_code":"GA"},"customer":{"id":2168398643286,"email":"nonawilkerson@gmail.com","accepts_marketing":false,"created_at":"2019-08-21T14:39:48-06:00","updated_at":"2019-08-21T14:39:48-06:00","first_name":"Len","last_name":"Wasendorf","orders_count":0,"state":"disabled","total_spent":"0.00","last_order_id":null,"note":null,"verified_email":true,"multipass_identifier":null,"tax_exempt":false,"phone":null,"tags":"","last_order_name":null,"currency":"USD","accepts_marketing_updated_at":"2019-08-21T14:39:48-06:00","marketing_opt_in_level":null,"tax_exemptions":[],"admin_graphql_api_id":"gid:\/\/shopify\/Customer\/2168398643286","default_address":{"id":2316759203926,"customer_id":2168398643286,"first_name":"Len","last_name":"Wasendorf","company":null,"address1":"1006 Rockmont Circle Southwest","address2":"","city":"Conyers","province":"Georgia","country":"United States","zip":"30094","phone":"(770) 922-5371","name":"Len Wasendorf","province_code":"GA","country_code":"US","country_name":"United States","default":true}}},{"id":7814926434390,"token":"4c8e5373ec7e696f13aa4278f43f5619","cart_token":"74cb53c6c52890e7d4446db19c476e8a","email":"frankgbpackfan@yahoo.com","gateway":null,"buyer_accepts_marketing":true,"created_at":"2019-08-21T18:00:38-06:00","updated_at":"2019-08-22T04:05:00-06:00","landing_site":"\/\/products\/pack-fleece-jacket-for-fans","note":null,"note_attributes":[],"referring_site":"http:\/\/m.facebook.com\/","shipping_lines":[],"taxes_included":false,"total_weight":0,"currency":"USD","completed_at":null,"closed_at":null,"user_id":null,"location_id":null,"source_identifier":null,"source_url":null,"device_id":null,"phone":null,"customer_locale":"en","line_items":[{"applied_discounts":[],"key":"332db5cd9a663b3e52ba85f7d407bb87","destination_location_id":null,"fulfillment_service":"manual","gift_card":false,"grams":0,"origin_location_id":1377789378646,"product_id":4003027976278,"properties":[],"quantity":1,"requires_shipping":true,"sku":"","tax_lines":[],"taxable":true,"title":"Pack Fleece\/Jacket For Fans","variant_id":29724247195734,"variant_title":"L \/ Fleece Hoodie","variant_price":"74.95","vendor":"thebigbowl","user_id":null,"unit_price_measurement":{"measured_type":null,"quantity_value":null,"quantity_unit":null,"reference_value":null,"reference_unit":null},"country_hs_codes":[],"country_code_of_origin":null,"province_code_of_origin":null,"harmonized_system_code":null,"compare_at_price":null,"line_price":"74.95","price":"74.95"}],"name":"#7814926434390","source":null,"abandoned_checkout_url":"https:\/\/thebigbowlsshop.com\/25457688662\/checkouts\/4c8e5373ec7e696f13aa4278f43f5619\/recover?key=9b25ff5c5f60ef9054f8a826c1d8d37a","discount_codes":[],"tax_lines":[],"source_name":"web","presentment_currency":"USD","total_discounts":"0.00","total_line_items_price":"74.95","total_price":"74.95","total_tax":"0.00","subtotal_price":"74.95","shipping_address":{"first_name":"Frank","address1":"222 Tamarack St.","phone":"(715) 617-4647","city":"Eagle River","zip":"54521","province":"Wisconsin","country":"United States","last_name":"Merkel ","address2":"#3","company":null,"latitude":45.91306669999999,"longitude":-89.250278,"name":"Frank Merkel ","country_code":"US","province_code":"WI"},"customer":{"id":2168843141206,"email":"frankgbpackfan@yahoo.com","accepts_marketing":true,"created_at":"2019-08-21T18:02:28-06:00","updated_at":"2019-08-21T18:02:28-06:00","first_name":"Frank","last_name":"Merkel","orders_count":0,"state":"disabled","total_spent":"0.00","last_order_id":null,"note":null,"verified_email":true,"multipass_identifier":null,"tax_exempt":false,"phone":null,"tags":"","last_order_name":null,"currency":"USD","accepts_marketing_updated_at":"2019-08-21T18:02:28-06:00","marketing_opt_in_level":"single_opt_in","tax_exemptions":[],"admin_graphql_api_id":"gid:\/\/shopify\/Customer\/2168843141206","default_address":{"id":2317119488086,"customer_id":2168843141206,"first_name":"Frank","last_name":"Merkel ","company":null,"address1":"222 Tamarack St.","address2":"#3","city":"Eagle River","province":"Wisconsin","country":"United States","zip":"54521","phone":"(715) 617-4647","name":"Frank Merkel ","province_code":"WI","country_code":"US","country_name":"United States","default":true}}},{"id":7815595196502,"token":"137ef58594049713e6629324afba6c8b","cart_token":"38422bab6200cf5c7ff6b59005338629","email":"sieversjmmy@aol.com","gateway":"paypal","buyer_accepts_marketing":false,"created_at":"2019-08-21T23:46:17-06:00","updated_at":"2019-08-21T23:48:15-06:00","landing_site":"\/\/products\/soon-fleece-jacket-for-fans","note":null,"note_attributes":[],"referring_site":"http:\/\/m.facebook.com","shipping_lines":[{"code":"US Standard shipping with tracking code ( FREE ship for order over $100)","price":"5.95","markup":"0.00","source":"shopify","title":"US Standard shipping with tracking code ( FREE ship for order over $100)","presentment_title":"US Standard shipping with tracking code ( FREE ship for order over $100)","phone":null,"delivery_category":null,"carrier_identifier":null,"carrier_service_id":null,"api_client_id":null,"requested_fulfillment_service_id":null,"applied_discounts":[],"tax_lines":[],"custom_tax_lines":null,"validation_context":null,"id":"e942c52394a883c3c422870b0d961118"}],"taxes_included":false,"total_weight":0,"currency":"USD","completed_at":null,"closed_at":null,"user_id":null,"location_id":null,"source_identifier":null,"source_url":null,"device_id":null,"phone":null,"customer_locale":"en","line_items":[{"applied_discounts":[],"key":"8faa90404db5a18cadb4ea5c7c1d25dc","destination_location_id":null,"fulfillment_service":"manual","gift_card":false,"grams":0,"origin_location_id":1377789378646,"product_id":4002984886358,"properties":[],"quantity":1,"requires_shipping":true,"sku":"","tax_lines":[],"taxable":true,"title":"Raid Fleece\/Jacket For Fans","variant_id":29723954806870,"variant_title":"3XL \/ Fleece Hoodie","variant_price":"74.95","vendor":"thebigbowl","user_id":null,"unit_price_measurement":{"measured_type":null,"quantity_value":null,"quantity_unit":null,"reference_value":null,"reference_unit":null},"country_hs_codes":[],"country_code_of_origin":null,"province_code_of_origin":null,"harmonized_system_code":null,"compare_at_price":null,"line_price":"74.95","price":"74.95"}],"name":"#7815595196502","source":null,"abandoned_checkout_url":"https:\/\/thebigbowlsshop.com\/25457688662\/checkouts\/137ef58594049713e6629324afba6c8b\/recover?key=c275f3e109103f22d796e621f42a5f4f","discount_codes":[],"tax_lines":[],"source_name":"web","presentment_currency":"USD","total_discounts":"0.00","total_line_items_price":"74.95","total_price":"80.90","total_tax":"0.00","subtotal_price":"74.95","billing_address":{"first_name":"James","address1":"810 Essex Drive","phone":"+1 318-307-1094","city":"Prosper","zip":"75078","province":"Texas","country":"United States","last_name":"Sievers","address2":"","company":null,"latitude":33.2260834,"longitude":-96.7876744,"name":"James Sievers","country_code":"US","province_code":"TX"},"shipping_address":{"first_name":"James","address1":"810 Essex Drive","phone":"+1 318-307-1094","city":"Prosper","zip":"75078","province":"Texas","country":"United States","last_name":"Sievers","address2":"","company":null,"latitude":33.2260834,"longitude":-96.7876744,"name":"James Sievers","country_code":"US","province_code":"TX"},"customer":{"id":2169154895958,"email":"sieversjmmy@aol.com","accepts_marketing":false,"created_at":"2019-08-21T23:47:33-06:00","updated_at":"2019-08-21T23:47:33-06:00","first_name":"James","last_name":"Sievers","orders_count":0,"state":"disabled","total_spent":"0.00","last_order_id":null,"note":null,"verified_email":true,"multipass_identifier":null,"tax_exempt":false,"phone":null,"tags":"","last_order_name":null,"currency":"USD","accepts_marketing_updated_at":"2019-08-21T23:47:33-06:00","marketing_opt_in_level":null,"tax_exemptions":[],"admin_graphql_api_id":"gid:\/\/shopify\/Customer\/2169154895958","default_address":{"id":2317439336534,"customer_id":2169154895958,"first_name":"James","last_name":"Sievers","company":null,"address1":"810 Essex Drive","address2":"","city":"Prosper","province":"Texas","country":"United States","zip":"75078","phone":"+1 318-307-1094","name":"James Sievers","province_code":"TX","country_code":"US","country_name":"United States","default":true}}},{"id":7817249325142,"token":"75e4d8474ccb2feba1d3d8a791d06721","cart_token":"0fd9327ba7b2c4c2b34ee16eefdd5e2d","email":"bfrondorf@yahoo.com","gateway":"paypal","buyer_accepts_marketing":true,"created_at":"2019-08-22T12:49:06-06:00","updated_at":"2019-08-22T22:55:00-06:00","landing_site":"\/\/products\/bear-down-true-love","note":null,"note_attributes":[],"referring_site":"http:\/\/m.facebook.com","shipping_lines":[{"code":"US Standard shipping with tracking code ( FREE ship for order over $100)","price":"5.95","markup":"0.00","source":"shopify","title":"US Standard shipping with tracking code ( FREE ship for order over $100)","presentment_title":"US Standard shipping with tracking code ( FREE ship for order over $100)","phone":null,"delivery_category":null,"carrier_identifier":null,"carrier_service_id":null,"api_client_id":null,"requested_fulfillment_service_id":null,"applied_discounts":[],"tax_lines":[],"custom_tax_lines":null,"validation_context":null,"id":"703ab6c2ec8798480559167a85e7b183"}],"taxes_included":false,"total_weight":0,"currency":"USD","completed_at":null,"closed_at":null,"user_id":null,"location_id":null,"source_identifier":null,"source_url":null,"device_id":null,"phone":null,"customer_locale":"en","line_items":[{"applied_discounts":[],"key":"6771a31b20e93906d7b2f7d70f93406f","destination_location_id":1383003979862,"fulfillment_service":"manual","gift_card":false,"grams":0,"origin_location_id":1377789378646,"product_id":4004730830934,"properties":[{"name":"_Added with Frequently Bought Together button","value":""}],"quantity":1,"requires_shipping":true,"sku":"","tax_lines":[],"taxable":true,"title":"Bear Down True Love","variant_id":29731539812438,"variant_title":"S \/ Hoodie","variant_price":"45.95","vendor":"thebigbowl","user_id":null,"unit_price_measurement":{"measured_type":null,"quantity_value":null,"quantity_unit":null,"reference_value":null,"reference_unit":null},"country_hs_codes":[],"country_code_of_origin":null,"province_code_of_origin":null,"harmonized_system_code":null,"compare_at_price":null,"line_price":"45.95","price":"45.95"}],"name":"#7817249325142","source":null,"abandoned_checkout_url":"https:\/\/thebigbowlsshop.com\/25457688662\/checkouts\/75e4d8474ccb2feba1d3d8a791d06721\/recover?key=a017e5a4484d96ea0c229b1140905b21","discount_codes":[{"code":"FBT-BUNDLE-5D5F4058","amount":"0.00","type":"percentage"}],"tax_lines":[],"source_name":"web","presentment_currency":"USD","total_discounts":"0.00","total_line_items_price":"45.95","total_price":"51.90","total_tax":"0.00","subtotal_price":"45.95","billing_address":{"first_name":"Brent ","address1":"9141 West Toussaint East Road","phone":"+1 419-707-0932","city":"Oak Harbor","zip":"43449","province":"Ohio","country":"United States","last_name":"Frondorf","address2":"","company":null,"latitude":41.5671432,"longitude":-83.10905869999999,"name":"Brent  Frondorf","country_code":"US","province_code":"OH"},"shipping_address":{"first_name":"Brent ","address1":"9141 West Toussaint East Road","phone":"+1 419-707-0932","city":"Oak Harbor","zip":"43449","province":"Ohio","country":"United States","last_name":"Frondorf","address2":"","company":null,"latitude":41.5671432,"longitude":-83.10905869999999,"name":"Brent  Frondorf","country_code":"US","province_code":"OH"},"customer":{"id":2170246692950,"email":"bfrondorf@yahoo.com","accepts_marketing":true,"created_at":"2019-08-22T12:50:10-06:00","updated_at":"2019-08-22T19:56:38-06:00","first_name":"Brent","last_name":"frondorf","orders_count":1,"state":"disabled","total_spent":"96.85","last_order_id":1344583893078,"note":null,"verified_email":true,"multipass_identifier":null,"tax_exempt":false,"phone":null,"tags":"","last_order_name":"#TBB01006","currency":"USD","accepts_marketing_updated_at":"2019-08-22T12:50:10-06:00","marketing_opt_in_level":"single_opt_in","tax_exemptions":[],"admin_graphql_api_id":"gid:\/\/shopify\/Customer\/2170246692950","default_address":{"id":2318974156886,"customer_id":2170246692950,"first_name":"Brent","last_name":"frondorf ","company":null,"address1":"9141 West Toussaint East Road","address2":"","city":"Oak Harbor","province":"Ohio","country":"United States","zip":"43449","phone":"(419) 707-0932","name":"Brent frondorf ","province_code":"OH","country_code":"US","country_name":"United States","default":true}}},{"id":7818120921174,"token":"6210c95a93fefbb0e72f4f8a13ac725f","cart_token":"cec9dfad0d71f35d603f83c271a2e6f3","email":"kayla_forsythe_xox@hotmail.com","gateway":null,"buyer_accepts_marketing":false,"created_at":"2019-08-22T18:08:15-06:00","updated_at":"2019-08-22T18:09:28-06:00","landing_site":"\/\/products\/go-pack-go-true-love","note":null,"note_attributes":[],"referring_site":"http:\/\/m.facebook.com","shipping_lines":[],"taxes_included":false,"total_weight":0,"currency":"USD","completed_at":null,"closed_at":null,"user_id":null,"location_id":null,"source_identifier":null,"source_url":null,"device_id":null,"phone":null,"customer_locale":"en","line_items":[{"applied_discounts":[],"key":"430b327770a1d74644a72ddf09503ea5","destination_location_id":null,"fulfillment_service":"manual","gift_card":false,"grams":0,"origin_location_id":1377789378646,"product_id":4004678565974,"properties":[],"quantity":1,"requires_shipping":true,"sku":"","tax_lines":[],"taxable":true,"title":"Go Pack Go True Love","variant_id":29731364438102,"variant_title":"XL \/ Hoodie","variant_price":"45.95","vendor":"thebigbowl","user_id":null,"unit_price_measurement":{"measured_type":null,"quantity_value":null,"quantity_unit":null,"reference_value":null,"reference_unit":null},"country_hs_codes":[],"country_code_of_origin":null,"province_code_of_origin":null,"harmonized_system_code":null,"compare_at_price":null,"line_price":"45.95","price":"45.95"}],"name":"#7818120921174","source":null,"abandoned_checkout_url":"https:\/\/thebigbowlsshop.com\/25457688662\/checkouts\/6210c95a93fefbb0e72f4f8a13ac725f\/recover?key=ca1e0e8431314cf5d80f41a52c8b50d4","discount_codes":[],"tax_lines":[],"source_name":"web","presentment_currency":"USD","total_discounts":"0.00","total_line_items_price":"45.95","total_price":"45.95","total_tax":"0.00","subtotal_price":"45.95","shipping_address":{"first_name":"Kayla","address1":"233 Lancaster St ","phone":"(506) 647-8359","city":"Saint John ","zip":"E2M 1J5","province":"New Brunswick","country":"Canada","last_name":"Forsythr","address2":"Apt 4","company":null,"latitude":45.2553072,"longitude":-66.0734934,"name":"Kayla Forsythr","country_code":"CA","province_code":"NB"},"customer":{"id":2170608746582,"email":"kayla_forsythe_xox@hotmail.com","accepts_marketing":false,"created_at":"2019-08-22T18:09:28-06:00","updated_at":"2019-08-22T18:09:28-06:00","first_name":"Kayla","last_name":"Forsythr","orders_count":0,"state":"disabled","total_spent":"0.00","last_order_id":null,"note":null,"verified_email":true,"multipass_identifier":null,"tax_exempt":false,"phone":null,"tags":"","last_order_name":null,"currency":"USD","accepts_marketing_updated_at":"2019-08-22T18:09:28-06:00","marketing_opt_in_level":null,"tax_exemptions":[],"admin_graphql_api_id":"gid:\/\/shopify\/Customer\/2170608746582","default_address":{"id":2318861205590,"customer_id":2170608746582,"first_name":"Kayla","last_name":"Forsythr","company":null,"address1":"233 Lancaster St ","address2":"Apt 4","city":"Saint John ","province":"New Brunswick","country":"Canada","zip":"E2M 1J5","phone":"(506) 647-8359","name":"Kayla Forsythr","province_code":"NB","country_code":"CA","country_name":"Canada","default":true}}},{"id":7818970497110,"token":"586453603e41ee51e801aa760565a6e6","cart_token":"b0784fd2f375782331e20693013c1cab","email":"stoneysatman@gmail.com","gateway":null,"buyer_accepts_marketing":true,"created_at":"2019-08-23T01:36:24-06:00","updated_at":"2019-08-23T11:40:01-06:00","landing_site":"\/\/products\/tide-fleece-hoodie-true-love","note":null,"note_attributes":[],"referring_site":"http:\/\/m.facebook.com\/","shipping_lines":[],"taxes_included":false,"total_weight":0,"currency":"USD","completed_at":null,"closed_at":null,"user_id":null,"location_id":null,"source_identifier":null,"source_url":null,"device_id":null,"phone":null,"customer_locale":"en","line_items":[{"applied_discounts":[],"key":"323d3b2c6469d82eac8173d205696987","destination_location_id":null,"fulfillment_service":"manual","gift_card":false,"grams":0,"origin_location_id":1377789378646,"product_id":4004746592342,"properties":[],"quantity":1,"requires_shipping":true,"sku":"","tax_lines":[],"taxable":true,"title":"Tide Love Fleece Hoodie","variant_id":29731630678102,"variant_title":"2XL","variant_price":"74.99","vendor":"thebigbowl","user_id":null,"unit_price_measurement":{"measured_type":null,"quantity_value":null,"quantity_unit":null,"reference_value":null,"reference_unit":null},"country_hs_codes":[],"country_code_of_origin":null,"province_code_of_origin":null,"harmonized_system_code":null,"compare_at_price":null,"line_price":"74.99","price":"74.99"}],"name":"#7818970497110","source":null,"abandoned_checkout_url":"https:\/\/thebigbowlsshop.com\/25457688662\/checkouts\/586453603e41ee51e801aa760565a6e6\/recover?key=62e96d6d18d4c9805d785679962ed848","discount_codes":[],"tax_lines":[],"source_name":"web","presentment_currency":"USD","total_discounts":"0.00","total_line_items_price":"74.99","total_price":"74.99","total_tax":"0.00","subtotal_price":"74.99","shipping_address":{"first_name":"Joey ","address1":"40030 Scottland Drive","phone":"(662) 319-7974","city":"Aberdeen","zip":"39730","province":"Mississippi","country":"United States","last_name":"Hutchins ","address2":"","company":null,"latitude":33.8255395,"longitude":-88.4544133,"name":"Joey  Hutchins ","country_code":"US","province_code":"MS"},"customer":{"id":2176223379542,"email":"stoneysatman@gmail.com","accepts_marketing":true,"created_at":"2019-08-23T01:38:10-06:00","updated_at":"2019-08-23T01:38:10-06:00","first_name":"Joey","last_name":"Hutchins","orders_count":0,"state":"disabled","total_spent":"0.00","last_order_id":null,"note":null,"verified_email":true,"multipass_identifier":null,"tax_exempt":false,"phone":null,"tags":"","last_order_name":null,"currency":"USD","accepts_marketing_updated_at":"2019-08-23T01:38:10-06:00","marketing_opt_in_level":"single_opt_in","tax_exemptions":[],"admin_graphql_api_id":"gid:\/\/shopify\/Customer\/2176223379542","default_address":{"id":2319351644246,"customer_id":2176223379542,"first_name":"Joey ","last_name":"Hutchins ","company":null,"address1":"40030 Scottland Drive","address2":"","city":"Aberdeen","province":"Mississippi","country":"United States","zip":"39730","phone":"(662) 319-7974","name":"Joey  Hutchins ","province_code":"MS","country_code":"US","country_name":"United States","default":true}}},{"id":7820801081430,"token":"5673db3702277947fba4d89c542ad63a","cart_token":"1f9153ddd5667a4b16cb334aa586cb08","email":"annie.deschenes@csestuaire.qc.ca","gateway":"paypal","buyer_accepts_marketing":true,"created_at":"2019-08-23T14:39:27-06:00","updated_at":"2019-08-24T00:45:01-06:00","landing_site":"\/\/products\/foxr-polo-shirt","note":null,"note_attributes":[],"referring_site":"http:\/\/m.facebook.com","shipping_lines":[{"code":"International Standard shipping with tracking code ( FREE ship for order over $100)","price":"6.95","markup":"0.00","source":"shopify","title":"International Standard shipping with tracking code ( FREE ship for order over $100)","presentment_title":"International Standard shipping with tracking code ( FREE ship for order over $100)","phone":null,"delivery_category":null,"carrier_identifier":null,"carrier_service_id":null,"api_client_id":null,"requested_fulfillment_service_id":null,"applied_discounts":[],"tax_lines":[],"custom_tax_lines":null,"validation_context":null,"id":"0b093cd2330bab36d7866e5cc8d459af"}],"taxes_included":false,"total_weight":0,"currency":"USD","completed_at":null,"closed_at":null,"user_id":null,"location_id":null,"source_identifier":null,"source_url":null,"device_id":null,"phone":null,"customer_locale":"en","line_items":[{"applied_discounts":[],"key":"71c011f244b13ce504add638533e40d3","destination_location_id":null,"fulfillment_service":"manual","gift_card":false,"grams":0,"origin_location_id":1377789378646,"product_id":4006149947478,"properties":[],"quantity":1,"requires_shipping":true,"sku":"","tax_lines":[],"taxable":true,"title":"Foxr Polo Shirt","variant_id":29739926126678,"variant_title":"XL","variant_price":"39.99","vendor":"thebigbowl","user_id":null,"unit_price_measurement":{"measured_type":null,"quantity_value":null,"quantity_unit":null,"reference_value":null,"reference_unit":null},"country_hs_codes":[],"country_code_of_origin":null,"province_code_of_origin":null,"harmonized_system_code":null,"compare_at_price":null,"line_price":"39.99","price":"39.99"}],"name":"#7820801081430","source":null,"abandoned_checkout_url":"https:\/\/thebigbowlsshop.com\/25457688662\/checkouts\/5673db3702277947fba4d89c542ad63a\/recover?key=6d759e1499ac928c708de05a2e4d382b","discount_codes":[],"tax_lines":[],"source_name":"web","presentment_currency":"USD","total_discounts":"0.00","total_line_items_price":"39.99","total_price":"46.94","total_tax":"0.00","subtotal_price":"39.99","billing_address":{"first_name":"Larry","address1":"14 Rue Marcellin","phone":"(418) 587-0503","city":"Forestville","zip":"G0T1E0","province":"Quebec","country":"Canada","last_name":"Gagne","address2":"","company":null,"latitude":48.7333777,"longitude":-69.0979497,"name":"Larry Gagne","country_code":"CA","province_code":"QC"},"shipping_address":{"first_name":"Larry","address1":"14 Rue Marcellin","phone":"(418) 587-0503","city":"Forestville","zip":"G0T1E0","province":"Quebec","country":"Canada","last_name":"Gagne","address2":"","company":null,"latitude":48.7333777,"longitude":-69.0979497,"name":"Larry Gagne","country_code":"CA","province_code":"QC"},"customer":{"id":2176997097558,"email":"annie.deschenes@csestuaire.qc.ca","accepts_marketing":true,"created_at":"2019-08-23T14:40:55-06:00","updated_at":"2019-08-23T14:40:55-06:00","first_name":"Larry","last_name":"Gagne","orders_count":0,"state":"disabled","total_spent":"0.00","last_order_id":null,"note":null,"verified_email":true,"multipass_identifier":null,"tax_exempt":false,"phone":null,"tags":"","last_order_name":null,"currency":"USD","accepts_marketing_updated_at":"2019-08-23T14:40:55-06:00","marketing_opt_in_level":"single_opt_in","tax_exemptions":[],"admin_graphql_api_id":"gid:\/\/shopify\/Customer\/2176997097558","default_address":{"id":2320079323222,"customer_id":2176997097558,"first_name":"Larry","last_name":"Gagne","company":null,"address1":"14 Rue Marcellin","address2":"","city":"Forestville","province":"Quebec","country":"Canada","zip":"G0T1E0","phone":"(418) 587-0503","name":"Larry Gagne","province_code":"QC","country_code":"CA","country_name":"Canada","default":true}}}]}
