{"checkouts":[{"id":9219991044131,"token":"5e54f96082d297809b89852f404d8554","cart_token":"c9349cf82d44b3b4a5839bc72a05f736","email":"guss113@yahoo.com","gateway":null,"buyer_accepts_marketing":false,"created_at":"2019-09-12T09:43:25-06:00","updated_at":"2019-09-12T09:47:43-06:00","landing_site":"\/products\/stee-black-and-white-v3","note":null,"note_attributes":[],"referring_site":"http:\/\/m.facebook.com\/","shipping_lines":[{"code":"US Standard shipping with tracking code ( FREE ship for order over $100)","price":"5.95","markup":null,"source":"shopify","title":"US Standard shipping with tracking code ( FREE ship for order over $100)","presentment_title":"US Standard shipping with tracking code ( FREE ship for order over $100)","phone":null,"delivery_category":null,"carrier_identifier":null,"carrier_service_id":null,"api_client_id":null,"requested_fulfillment_service_id":null,"applied_discounts":[],"tax_lines":[],"custom_tax_lines":null,"validation_context":null,"id":"7732839941855135cf31f541e8f622e0"}],"taxes_included":false,"total_weight":0,"currency":"USD","completed_at":null,"closed_at":null,"user_id":null,"location_id":null,"source_identifier":null,"source_url":null,"device_id":null,"phone":null,"customer_locale":"en","line_items":[{"applied_discounts":[],"key":"c0b8e489649e8245eb52975f97a2c571","destination_location_id":null,"fulfillment_service":"manual","gift_card":false,"grams":0,"origin_location_id":1001401286691,"product_id":1908257488931,"properties":[],"quantity":1,"requires_shipping":true,"sku":null,"tax_lines":[],"taxable":true,"title":"49er Black And White V3","variant_id":15772611772451,"variant_title":"2XL \/ HOODIE","variant_price":"45.99","vendor":"thebigbowl","user_id":null,"unit_price_measurement":{"measured_type":null,"quantity_value":null,"quantity_unit":null,"reference_value":null,"reference_unit":null},"country_hs_codes":[],"country_code_of_origin":null,"province_code_of_origin":null,"harmonized_system_code":null,"compare_at_price":"66.00","line_price":"45.99","price":"45.99"},{"applied_discounts":[],"key":"42ae5ba6d4e5c27a0573d30aa31f9523","destination_location_id":null,"fulfillment_service":"manual","gift_card":false,"grams":0,"origin_location_id":1001401286691,"product_id":1908257488931,"properties":[],"quantity":1,"requires_shipping":true,"sku":null,"tax_lines":[],"taxable":true,"title":"49er Black And White V3","variant_id":15772611444771,"variant_title":"L \/ HOODIE","variant_price":"45.99","vendor":"thebigbowl","user_id":null,"unit_price_measurement":{"measured_type":null,"quantity_value":null,"quantity_unit":null,"reference_value":null,"reference_unit":null},"country_hs_codes":[],"country_code_of_origin":null,"province_code_of_origin":null,"harmonized_system_code":null,"compare_at_price":"66.00","line_price":"45.99","price":"45.99"}],"name":"#9219991044131","source":null,"abandoned_checkout_url":"https:\/\/thebigbowl10.myshopify.com\/5460688931\/checkouts\/5e54f96082d297809b89852f404d8554\/recover?key=9351196deafd8917ae00c8073e0783f9","discount_codes":[],"tax_lines":[],"source_name":"web","presentment_currency":"USD","total_discounts":"0.00","total_line_items_price":"91.98","total_price":"97.93","total_tax":"0.00","subtotal_price":"91.98","shipping_address":{"first_name":"Rebecca","address1":"116 Courtney Rd","phone":"919-394-9741","city":"Goldsboro","zip":"27534","province":"North Carolina","country":"United States","last_name":"Gussenhofen","address2":"","company":null,"latitude":35.395076,"longitude":-77.904117,"name":"Rebecca Gussenhofen","country_code":"US","province_code":"NC"},"customer":{"id":1406785421347,"email":"guss113@yahoo.com","accepts_marketing":false,"created_at":"2019-09-12T09:47:30-06:00","updated_at":"2019-09-12T09:47:30-06:00","first_name":"Rebecca","last_name":"Gussenhofen","orders_count":0,"state":"disabled","total_spent":"0.00","last_order_id":null,"note":null,"verified_email":true,"multipass_identifier":null,"tax_exempt":false,"phone":null,"tags":"","last_order_name":null,"currency":"USD","accepts_marketing_updated_at":"2019-09-12T09:47:30-06:00","marketing_opt_in_level":null,"tax_exemptions":[],"admin_graphql_api_id":"gid:\/\/shopify\/Customer\/1406785421347","default_address":{"id":1507441704995,"customer_id":1406785421347,"first_name":"Rebecca","last_name":"Gussenhofen","company":null,"address1":"116 Courtney Rd","address2":"","city":"Goldsboro","province":"North Carolina","country":"United States","zip":"27534","phone":"919-394-9741","name":"Rebecca Gussenhofen","province_code":"NC","country_code":"US","country_name":"United States","default":true}}},{"id":9220060512291,"token":"15b6d218a9955e74bde5bfcc9281b637","cart_token":"9631e819514ee219d0e5b2aec059fd99","email":"alyssakalene53@outlook.com","gateway":"paypal","buyer_accepts_marketing":false,"created_at":"2019-09-12T09:54:48-06:00","updated_at":"2019-09-12T09:56:35-06:00","landing_site":"\/products\/viki-black-and-white-v3","note":null,"note_attributes":[],"referring_site":"http:\/\/m.facebook.com","shipping_lines":[{"code":"US Standard shipping with tracking code ( FREE ship for order over $100)","price":"5.95","markup":null,"source":"shopify","title":"US Standard shipping with tracking code ( FREE ship for order over $100)","presentment_title":"US Standard shipping with tracking code ( FREE ship for order over $100)","phone":null,"delivery_category":null,"carrier_identifier":null,"carrier_service_id":null,"api_client_id":null,"requested_fulfillment_service_id":null,"applied_discounts":[],"tax_lines":[],"custom_tax_lines":null,"validation_context":null,"id":"7732839941855135cf31f541e8f622e0"}],"taxes_included":false,"total_weight":0,"currency":"USD","completed_at":null,"closed_at":null,"user_id":null,"location_id":null,"source_identifier":null,"source_url":null,"device_id":null,"phone":null,"customer_locale":"en","line_items":[{"applied_discounts":[],"key":"65353314cb8981162f76f4b0f12bc1b8","destination_location_id":null,"fulfillment_service":"manual","gift_card":false,"grams":0,"origin_location_id":1001401286691,"product_id":1908248969251,"properties":[],"quantity":1,"requires_shipping":true,"sku":null,"tax_lines":[],"taxable":true,"title":"Viki Black And White V3","variant_id":15772577660963,"variant_title":"XL \/ T-SHIRT","variant_price":"34.99","vendor":"thebigbowl","user_id":null,"unit_price_measurement":{"measured_type":null,"quantity_value":null,"quantity_unit":null,"reference_value":null,"reference_unit":null},"country_hs_codes":[],"country_code_of_origin":null,"province_code_of_origin":null,"harmonized_system_code":null,"compare_at_price":"50.00","line_price":"34.99","price":"34.99"}],"name":"#9220060512291","source":null,"abandoned_checkout_url":"https:\/\/thebigbowl10.myshopify.com\/5460688931\/checkouts\/15b6d218a9955e74bde5bfcc9281b637\/recover?key=93d76472609e1f74d570bcd1fa8e5204","discount_codes":[{"code":"JOY5","amount":"1.74","type":"percentage"}],"tax_lines":[],"source_name":"web","presentment_currency":"USD","total_discounts":"1.74","total_line_items_price":"34.99","total_price":"39.20","total_tax":"0.00","subtotal_price":"33.25","billing_address":{"first_name":"Alyssa","address1":"2205 Primrose Drive","phone":"(605) 651-0844","city":"Brookings","zip":"57006","province":"South Dakota","country":"United States","last_name":"Wadsworth ","address2":"","company":null,"latitude":44.2799554,"longitude":-96.807619,"name":"Alyssa Wadsworth ","country_code":"US","province_code":"SD"},"shipping_address":{"first_name":"Alyssa","address1":"2205 Primrose Drive","phone":"(605) 651-0844","city":"Brookings","zip":"57006","province":"South Dakota","country":"United States","last_name":"Wadsworth ","address2":"","company":null,"latitude":44.2799554,"longitude":-96.807619,"name":"Alyssa Wadsworth ","country_code":"US","province_code":"SD"},"customer":{"id":1406794825763,"email":"alyssakalene53@outlook.com","accepts_marketing":false,"created_at":"2019-09-12T09:55:17-06:00","updated_at":"2019-09-12T09:55:17-06:00","first_name":"Alyssa","last_name":"Wadsworth","orders_count":0,"state":"disabled","total_spent":"0.00","last_order_id":null,"note":null,"verified_email":true,"multipass_identifier":null,"tax_exempt":false,"phone":null,"tags":"","last_order_name":null,"currency":"USD","accepts_marketing_updated_at":"2019-09-12T09:55:17-06:00","marketing_opt_in_level":null,"tax_exemptions":[],"admin_graphql_api_id":"gid:\/\/shopify\/Customer\/1406794825763","default_address":{"id":1507452452899,"customer_id":1406794825763,"first_name":"Alyssa","last_name":"Wadsworth ","company":null,"address1":"2205 Primrose Drive","address2":"","city":"Brookings","province":"South Dakota","country":"United States","zip":"57006","phone":"(605) 651-0844","name":"Alyssa Wadsworth ","province_code":"SD","country_code":"US","country_name":"United States","default":true}}},{"id":9220437049379,"token":"7d577133644180dc7ae17dd2f211cbbf","cart_token":"d31539566c50bd6ea73bdfc7e3ea3190","email":"Dalejr88gogo@yahoo.com","gateway":"paypal","buyer_accepts_marketing":false,"created_at":"2019-09-12T10:53:19-06:00","updated_at":"2019-09-12T11:26:28-06:00","landing_site":"\/products\/gato-skull-team-spirit","note":null,"note_attributes":[],"referring_site":"http:\/\/m.facebook.com\/","shipping_lines":[{"code":"US Standard shipping with tracking code ( FREE ship for order over $100)","price":"5.95","markup":null,"source":"shopify","title":"US Standard shipping with tracking code ( FREE ship for order over $100)","presentment_title":"US Standard shipping with tracking code ( FREE ship for order over $100)","phone":null,"delivery_category":null,"carrier_identifier":null,"carrier_service_id":null,"api_client_id":null,"requested_fulfillment_service_id":null,"applied_discounts":[],"tax_lines":[],"custom_tax_lines":null,"validation_context":null,"id":"7732839941855135cf31f541e8f622e0"}],"taxes_included":false,"total_weight":0,"currency":"USD","completed_at":null,"closed_at":null,"user_id":null,"location_id":null,"source_identifier":null,"source_url":null,"device_id":null,"phone":null,"customer_locale":"en","line_items":[{"applied_discounts":[],"key":"a85e31473126f27dd7f0ad97c5ed2a93","destination_location_id":null,"fulfillment_service":"manual","gift_card":false,"grams":0,"origin_location_id":1001401286691,"product_id":1908158169123,"properties":[],"quantity":1,"requires_shipping":true,"sku":null,"tax_lines":[],"taxable":true,"title":"Gato Skull Team Spirit","variant_id":15772158230563,"variant_title":"S \/ HOODIE","variant_price":"45.99","vendor":"thebigbowl","user_id":null,"unit_price_measurement":{"measured_type":null,"quantity_value":null,"quantity_unit":null,"reference_value":null,"reference_unit":null},"country_hs_codes":[],"country_code_of_origin":null,"province_code_of_origin":null,"harmonized_system_code":null,"compare_at_price":"66.00","line_price":"45.99","price":"45.99"},{"applied_discounts":[],"key":"6f8cca6ac82a7aeaa19ddc8ad50395ec","destination_location_id":null,"fulfillment_service":"manual","gift_card":false,"grams":0,"origin_location_id":1001401286691,"product_id":1908158169123,"properties":[],"quantity":1,"requires_shipping":true,"sku":null,"tax_lines":[],"taxable":true,"title":"Gato Skull Team Spirit","variant_id":15772158853155,"variant_title":"XL \/ Long Sleeve","variant_price":"44.99","vendor":"thebigbowl","user_id":null,"unit_price_measurement":{"measured_type":null,"quantity_value":null,"quantity_unit":null,"reference_value":null,"reference_unit":null},"country_hs_codes":[],"country_code_of_origin":null,"province_code_of_origin":null,"harmonized_system_code":null,"compare_at_price":"65.00","line_price":"44.99","price":"44.99"}],"name":"#9220437049379","source":null,"abandoned_checkout_url":"https:\/\/thebigbowl10.myshopify.com\/5460688931\/checkouts\/7d577133644180dc7ae17dd2f211cbbf\/recover?key=fa9e4e28c6480692ff51fba17db7e9ba","discount_codes":[],"tax_lines":[],"source_name":"web","presentment_currency":"USD","total_discounts":"0.00","total_line_items_price":"90.98","total_price":"96.93","total_tax":"0.00","subtotal_price":"90.98","billing_address":{"first_name":"Michael","address1":"4700 Citrus Drive","phone":"(321) 805-0977","city":"St. Cloud","zip":"34772","province":"Florida","country":"United States","last_name":"Chandler","address2":"","company":null,"latitude":28.1843053,"longitude":-81.251324,"name":"Michael Chandler","country_code":"US","province_code":"FL"},"shipping_address":{"first_name":"Michael","address1":"4700 Citrus Drive","phone":"(321) 805-0977","city":"St. Cloud","zip":"34772","province":"Florida","country":"United States","last_name":"Chandler","address2":"","company":null,"latitude":28.1843053,"longitude":-81.251324,"name":"Michael Chandler","country_code":"US","province_code":"FL"},"customer":{"id":1406913413155,"email":"Dalejr88gogo@yahoo.com","accepts_marketing":false,"created_at":"2019-09-12T11:25:20-06:00","updated_at":"2019-09-12T11:25:20-06:00","first_name":"Michael","last_name":"Chandler","orders_count":0,"state":"disabled","total_spent":"0.00","last_order_id":null,"note":null,"verified_email":true,"multipass_identifier":null,"tax_exempt":false,"phone":null,"tags":"","last_order_name":null,"currency":"USD","accepts_marketing_updated_at":"2019-09-12T11:25:20-06:00","marketing_opt_in_level":null,"tax_exemptions":[],"admin_graphql_api_id":"gid:\/\/shopify\/Customer\/1406913413155","default_address":{"id":1507580837923,"customer_id":1406913413155,"first_name":"Michael","last_name":"Chandler","company":null,"address1":"4700 Citrus Drive","address2":"","city":"St. Cloud","province":"Florida","country":"United States","zip":"34772","phone":"(321) 805-0977","name":"Michael Chandler","province_code":"FL","country_code":"US","country_name":"United States","default":true}}},{"id":9220452188195,"token":"5b37741581d4754e4360468f4c6a9157","cart_token":"e01442bf93c54e726341835b0c0b5ee7","email":"alysong1974@gmail.com","gateway":"paypal","buyer_accepts_marketing":false,"created_at":"2019-09-12T10:55:21-06:00","updated_at":"2019-09-12T10:58:05-06:00","landing_site":"\/products\/buck-black-and-white","note":null,"note_attributes":[],"referring_site":"http:\/\/m.facebook.com\/","shipping_lines":[],"taxes_included":false,"total_weight":0,"currency":"USD","completed_at":null,"closed_at":null,"user_id":null,"location_id":null,"source_identifier":null,"source_url":null,"device_id":null,"phone":null,"customer_locale":"en","line_items":[{"applied_discounts":[],"key":"875df3050ae9a70e6578b239415c7d5f","destination_location_id":null,"fulfillment_service":"manual","gift_card":false,"grams":0,"origin_location_id":1001401286691,"product_id":1908381417507,"properties":[],"quantity":1,"requires_shipping":true,"sku":"","tax_lines":[],"taxable":true,"title":"Buck Black And White","variant_id":15773129932835,"variant_title":"3XL \/ HOODIE","variant_price":"45.99","vendor":"thebigbowl","user_id":null,"unit_price_measurement":{"measured_type":null,"quantity_value":null,"quantity_unit":null,"reference_value":null,"reference_unit":null},"country_hs_codes":[],"country_code_of_origin":null,"province_code_of_origin":null,"harmonized_system_code":null,"compare_at_price":"66.00","line_price":"45.99","price":"45.99"}],"name":"#9220452188195","source":null,"abandoned_checkout_url":"https:\/\/thebigbowl10.myshopify.com\/5460688931\/checkouts\/5b37741581d4754e4360468f4c6a9157\/recover?key=b0ae9f1e9b66cea03e96d0f4dab100e7","discount_codes":[{"code":"JOY10","amount":"4.59","type":"percentage"}],"tax_lines":[],"source_name":"web","presentment_currency":"USD","total_discounts":"4.59","total_line_items_price":"45.99","total_price":"41.40","total_tax":"0.00","subtotal_price":"41.40","shipping_address":{"first_name":"Alyson","address1":"545 Plymouth St","phone":"(772) 766-6727","city":"Vero Beach","zip":"32966-8786","province":"Florida","country":"United States","last_name":"Gibson","address2":"","company":null,"latitude":27.6234551,"longitude":-80.4989616,"name":"Alyson Gibson","country_code":"US","province_code":"FL"},"customer":{"id":1406877302819,"email":"alysong1974@gmail.com","accepts_marketing":false,"created_at":"2019-09-12T10:58:05-06:00","updated_at":"2019-09-12T10:58:05-06:00","first_name":"Alyson","last_name":"Gibson","orders_count":0,"state":"disabled","total_spent":"0.00","last_order_id":null,"note":null,"verified_email":true,"multipass_identifier":null,"tax_exempt":false,"phone":null,"tags":"","last_order_name":null,"currency":"USD","accepts_marketing_updated_at":"2019-09-12T10:58:05-06:00","marketing_opt_in_level":null,"tax_exemptions":[],"admin_graphql_api_id":"gid:\/\/shopify\/Customer\/1406877302819","default_address":{"id":1507542892579,"customer_id":1406877302819,"first_name":"Alyson","last_name":"Gibson","company":null,"address1":"545 Plymouth St","address2":"","city":"Vero Beach","province":"Florida","country":"United States","zip":"32966-8786","phone":"(772) 766-6727","name":"Alyson Gibson","province_code":"FL","country_code":"US","country_name":"United States","default":true}}},{"id":9220966252579,"token":"15a7b364b0884e38b6e010c0d18e3d75","cart_token":"f01160d01197a78d3319257b385d1c51","email":"malyxiong00@gmail.com","gateway":null,"buyer_accepts_marketing":false,"created_at":"2019-09-12T11:58:02-06:00","updated_at":"2019-09-12T11:58:26-06:00","landing_site":"\/products\/viki-black-and-white-v3?variant=15772577792035","note":null,"note_attributes":[],"referring_site":"","shipping_lines":[],"taxes_included":false,"total_weight":0,"currency":"USD","completed_at":null,"closed_at":null,"user_id":null,"location_id":null,"source_identifier":null,"source_url":null,"device_id":null,"phone":null,"customer_locale":"en","line_items":[{"applied_discounts":[],"key":"8e7024285414394b6ed1d8be73063b87","destination_location_id":null,"fulfillment_service":"manual","gift_card":false,"grams":0,"origin_location_id":1001401286691,"product_id":1908248969251,"properties":[],"quantity":1,"requires_shipping":true,"sku":null,"tax_lines":[],"taxable":true,"title":"Viki Black And White V3","variant_id":15772577792035,"variant_title":"2XL \/ ZIP HOODIE","variant_price":"59.99","vendor":"thebigbowl","user_id":null,"unit_price_measurement":{"measured_type":null,"quantity_value":null,"quantity_unit":null,"reference_value":null,"reference_unit":null},"country_hs_codes":[],"country_code_of_origin":null,"province_code_of_origin":null,"harmonized_system_code":null,"compare_at_price":"86.00","line_price":"59.99","price":"59.99"}],"name":"#9220966252579","source":null,"abandoned_checkout_url":"https:\/\/thebigbowl10.myshopify.com\/5460688931\/checkouts\/15a7b364b0884e38b6e010c0d18e3d75\/recover?key=46d0b4a18e898cd9265a21138d963035","discount_codes":[{"code":"JOY5","amount":"2.99","type":"percentage"}],"tax_lines":[],"source_name":"web","presentment_currency":"USD","total_discounts":"2.99","total_line_items_price":"59.99","total_price":"57.00","total_tax":"0.00","subtotal_price":"57.00","shipping_address":{"first_name":"Maly","address1":"7641 Unity Ave North","phone":"(612) 297-9230","city":"Brooklyn Park","zip":"55443","province":"Minnesota","country":"United States","last_name":"Xiong","address2":"","company":null,"latitude":45.0943602,"longitude":-93.3510033,"name":"Maly Xiong","country_code":"US","province_code":"MN"},"customer":{"id":1406956077091,"email":"malyxiong00@gmail.com","accepts_marketing":false,"created_at":"2019-09-12T11:58:15-06:00","updated_at":"2019-09-12T11:58:15-06:00","first_name":"Maly","last_name":"Xiong","orders_count":0,"state":"disabled","total_spent":"0.00","last_order_id":null,"note":null,"verified_email":true,"multipass_identifier":null,"tax_exempt":false,"phone":null,"tags":"","last_order_name":null,"currency":"USD","accepts_marketing_updated_at":"2019-09-12T11:58:15-06:00","marketing_opt_in_level":null,"tax_exemptions":[],"admin_graphql_api_id":"gid:\/\/shopify\/Customer\/1406956077091","default_address":{"id":1507625959459,"customer_id":1406956077091,"first_name":"Maly","last_name":"Xiong","company":null,"address1":"7641 Unity Ave North","address2":"","city":"Brooklyn Park","province":"Minnesota","country":"United States","zip":"55443","phone":"(612) 297-9230","name":"Maly Xiong","province_code":"MN","country_code":"US","country_name":"United States","default":true}}}]}
