{"orders":[{"id":1354743218210,"email":"tsntartanz1994@gmail.com","closed_at":null,"created_at":"2019-09-11T02:42:56-06:00","updated_at":"2019-09-11T02:42:57-06:00","number":10,"note":"","token":"c295e2a59e52b57dc827c351364d77c9","gateway":"manual","test":false,"total_price":"1.92","subtotal_price":"1.92","total_weight":0,"total_tax":"0.00","taxes_included":false,"currency":"USD","financial_status":"paid","confirmed":true,"total_discounts":"0.00","total_line_items_price":"1.92","cart_token":null,"buyer_accepts_marketing":false,"name":"#TBB091010","referring_site":null,"landing_site":null,"cancelled_at":null,"cancel_reason":null,"total_price_usd":"1.92","checkout_token":null,"reference":null,"user_id":38057902114,"location_id":null,"source_identifier":null,"source_url":null,"processed_at":"2019-09-11T02:42:56-06:00","device_id":null,"phone":null,"customer_locale":null,"app_id":1354745,"browser_ip":null,"landing_site_ref":null,"order_number":1010,"discount_applications":[],"discount_codes":[],"note_attributes":[],"payment_gateway_names":["manual"],"processing_method":"manual","checkout_id":null,"source_name":"shopify_draft_order","fulfillment_status":null,"tax_lines":[],"tags":"","contact_email":"tsntartanz1994@gmail.com","order_status_url":"https:\/\/thebigbowl9.myshopify.com\/26518388770\/orders\/c295e2a59e52b57dc827c351364d77c9\/authenticate?key=84737f66856f0241a37477c0afde43ba","presentment_currency":"USD","total_line_items_price_set":{"shop_money":{"amount":"1.92","currency_code":"USD"},"presentment_money":{"amount":"1.92","currency_code":"USD"}},"total_discounts_set":{"shop_money":{"amount":"0.00","currency_code":"USD"},"presentment_money":{"amount":"0.00","currency_code":"USD"}},"total_shipping_price_set":{"shop_money":{"amount":"0.00","currency_code":"USD"},"presentment_money":{"amount":"0.00","currency_code":"USD"}},"subtotal_price_set":{"shop_money":{"amount":"1.92","currency_code":"USD"},"presentment_money":{"amount":"1.92","currency_code":"USD"}},"total_price_set":{"shop_money":{"amount":"1.92","currency_code":"USD"},"presentment_money":{"amount":"1.92","currency_code":"USD"}},"total_tax_set":{"shop_money":{"amount":"0.00","currency_code":"USD"},"presentment_money":{"amount":"0.00","currency_code":"USD"}},"total_tip_received":"0.0","admin_graphql_api_id":"gid:\/\/shopify\/Order\/1354743218210","line_items":[{"id":2856770764834,"variant_id":29594577141794,"title":"1\/2\/4 Pcs Wall Mount Ingredient Spice Bottle Rack","quantity":1,"sku":"25670605-1pcs","variant_title":"1pcs","vendor":"The Big Bowl","fulfillment_service":"oberlo","product_id":3923875332130,"requires_shipping":true,"taxable":false,"gift_card":false,"name":"1\/2\/4 Pcs Wall Mount Ingredient Spice Bottle Rack - 1pcs","variant_inventory_management":"shopify","properties":[],"product_exists":true,"fulfillable_quantity":0,"grams":0,"price":"1.92","total_discount":"0.00","fulfillment_status":null,"price_set":{"shop_money":{"amount":"1.92","currency_code":"USD"},"presentment_money":{"amount":"1.92","currency_code":"USD"}},"total_discount_set":{"shop_money":{"amount":"0.00","currency_code":"USD"},"presentment_money":{"amount":"0.00","currency_code":"USD"}},"discount_allocations":[],"admin_graphql_api_id":"gid:\/\/shopify\/LineItem\/2856770764834","tax_lines":[]}],"shipping_lines":[],"billing_address":{"first_name":"Test ","address1":"1126 Persia Ave","phone":"(415) 350-6624","city":"San Francisco","zip":"94112","province":"California","country":"United States","last_name":"10","address2":"","company":"","latitude":37.7185784,"longitude":-122.4268723,"name":"Test  10","country_code":"US","province_code":"CA"},"shipping_address":{"first_name":"Test ","address1":"1126 Persia Ave","phone":"(415) 350-6624","city":"San Francisco","zip":"94112","province":"California","country":"United States","last_name":"10","address2":"","company":"","latitude":37.7185784,"longitude":-122.4268723,"name":"Test  10","country_code":"US","province_code":"CA"},"fulfillments":[{"id":1243412889634,"order_id":1354743218210,"status":"pending","created_at":"2019-09-11T02:42:57-06:00","service":"oberlo","updated_at":"2019-09-11T02:42:57-06:00","tracking_company":null,"shipment_status":null,"location_id":33506000930,"tracking_number":null,"tracking_numbers":[],"tracking_url":null,"tracking_urls":[],"receipt":{},"name":"#TBB091010.1","admin_graphql_api_id":"gid:\/\/shopify\/Fulfillment\/1243412889634","line_items":[{"id":2856770764834,"variant_id":29594577141794,"title":"1\/2\/4 Pcs Wall Mount Ingredient Spice Bottle Rack","quantity":1,"sku":"25670605-1pcs","variant_title":"1pcs","vendor":"The Big Bowl","fulfillment_service":"oberlo","product_id":3923875332130,"requires_shipping":true,"taxable":false,"gift_card":false,"name":"1\/2\/4 Pcs Wall Mount Ingredient Spice Bottle Rack - 1pcs","variant_inventory_management":"shopify","properties":[],"product_exists":true,"fulfillable_quantity":0,"grams":0,"price":"1.92","total_discount":"0.00","fulfillment_status":null,"price_set":{"shop_money":{"amount":"1.92","currency_code":"USD"},"presentment_money":{"amount":"1.92","currency_code":"USD"}},"total_discount_set":{"shop_money":{"amount":"0.00","currency_code":"USD"},"presentment_money":{"amount":"0.00","currency_code":"USD"}},"discount_allocations":[],"admin_graphql_api_id":"gid:\/\/shopify\/LineItem\/2856770764834","tax_lines":[]}]}],"refunds":[],"customer":{"id":2159108587554,"email":"tsntartanz1994@gmail.com","accepts_marketing":false,"created_at":"2019-09-11T02:42:51-06:00","updated_at":"2019-09-11T02:42:57-06:00","first_name":"Test","last_name":"10","orders_count":1,"state":"disabled","total_spent":"1.92","last_order_id":1354743218210,"note":null,"verified_email":true,"multipass_identifier":null,"tax_exempt":false,"phone":null,"tags":"","last_order_name":"#TBB091010","currency":"USD","accepts_marketing_updated_at":"2019-09-11T02:42:51-06:00","marketing_opt_in_level":null,"tax_exemptions":[],"admin_graphql_api_id":"gid:\/\/shopify\/Customer\/2159108587554","default_address":{"id":2285042335778,"customer_id":2159108587554,"first_name":"Test ","last_name":"10","company":"","address1":"1126 Persia Ave","address2":"","city":"San Francisco","province":"California","country":"United States","zip":"94112","phone":"(415) 350-6624","name":"Test  10","province_code":"CA","country_code":"US","country_name":"United States","default":true}}},{"id":1354742399010,"email":"leatarmen@gmail.com","closed_at":null,"created_at":"2019-09-11T02:41:44-06:00","updated_at":"2019-09-11T02:41:45-06:00","number":9,"note":"","token":"acaa55fe979dc32cce92019103bc306c","gateway":"manual","test":false,"total_price":"1.92","subtotal_price":"1.92","total_weight":0,"total_tax":"0.00","taxes_included":false,"currency":"USD","financial_status":"paid","confirmed":true,"total_discounts":"0.00","total_line_items_price":"1.92","cart_token":null,"buyer_accepts_marketing":false,"name":"#TBB091009","referring_site":null,"landing_site":null,"cancelled_at":null,"cancel_reason":null,"total_price_usd":"1.92","checkout_token":null,"reference":null,"user_id":38057902114,"location_id":null,"source_identifier":null,"source_url":null,"processed_at":"2019-09-11T02:41:44-06:00","device_id":null,"phone":null,"customer_locale":null,"app_id":1354745,"browser_ip":null,"landing_site_ref":null,"order_number":1009,"discount_applications":[],"discount_codes":[],"note_attributes":[],"payment_gateway_names":["manual"],"processing_method":"manual","checkout_id":null,"source_name":"shopify_draft_order","fulfillment_status":null,"tax_lines":[],"tags":"","contact_email":"leatarmen@gmail.com","order_status_url":"https:\/\/thebigbowl9.myshopify.com\/26518388770\/orders\/acaa55fe979dc32cce92019103bc306c\/authenticate?key=db950a763a539b55d8ccb8a69fde05e7","presentment_currency":"USD","total_line_items_price_set":{"shop_money":{"amount":"1.92","currency_code":"USD"},"presentment_money":{"amount":"1.92","currency_code":"USD"}},"total_discounts_set":{"shop_money":{"amount":"0.00","currency_code":"USD"},"presentment_money":{"amount":"0.00","currency_code":"USD"}},"total_shipping_price_set":{"shop_money":{"amount":"0.00","currency_code":"USD"},"presentment_money":{"amount":"0.00","currency_code":"USD"}},"subtotal_price_set":{"shop_money":{"amount":"1.92","currency_code":"USD"},"presentment_money":{"amount":"1.92","currency_code":"USD"}},"total_price_set":{"shop_money":{"amount":"1.92","currency_code":"USD"},"presentment_money":{"amount":"1.92","currency_code":"USD"}},"total_tax_set":{"shop_money":{"amount":"0.00","currency_code":"USD"},"presentment_money":{"amount":"0.00","currency_code":"USD"}},"total_tip_received":"0.0","admin_graphql_api_id":"gid:\/\/shopify\/Order\/1354742399010","line_items":[{"id":2856769814562,"variant_id":29594577141794,"title":"1\/2\/4 Pcs Wall Mount Ingredient Spice Bottle Rack","quantity":1,"sku":"25670605-1pcs","variant_title":"1pcs","vendor":"The Big Bowl","fulfillment_service":"oberlo","product_id":3923875332130,"requires_shipping":true,"taxable":false,"gift_card":false,"name":"1\/2\/4 Pcs Wall Mount Ingredient Spice Bottle Rack - 1pcs","variant_inventory_management":"shopify","properties":[],"product_exists":true,"fulfillable_quantity":0,"grams":0,"price":"1.92","total_discount":"0.00","fulfillment_status":null,"price_set":{"shop_money":{"amount":"1.92","currency_code":"USD"},"presentment_money":{"amount":"1.92","currency_code":"USD"}},"total_discount_set":{"shop_money":{"amount":"0.00","currency_code":"USD"},"presentment_money":{"amount":"0.00","currency_code":"USD"}},"discount_allocations":[],"admin_graphql_api_id":"gid:\/\/shopify\/LineItem\/2856769814562","tax_lines":[]}],"shipping_lines":[],"billing_address":{"first_name":"Test ","address1":"13216 W DESERT ROCK DR","phone":"6232295763","city":"SURPRISE","zip":"85374","province":"Arizona","country":"United States","last_name":"9","address2":null,"company":null,"latitude":33.6312271,"longitude":-112.3445269,"name":"Test  9","country_code":"US","province_code":"AZ"},"shipping_address":{"first_name":"Test ","address1":"13216 W DESERT ROCK DR","phone":"6232295763","city":"SURPRISE","zip":"85374","province":"Arizona","country":"United States","last_name":"9","address2":null,"company":null,"latitude":33.6312271,"longitude":-112.3445269,"name":"Test  9","country_code":"US","province_code":"AZ"},"fulfillments":[{"id":1243412660258,"order_id":1354742399010,"status":"pending","created_at":"2019-09-11T02:41:45-06:00","service":"oberlo","updated_at":"2019-09-11T02:41:45-06:00","tracking_company":null,"shipment_status":null,"location_id":33506000930,"tracking_number":null,"tracking_numbers":[],"tracking_url":null,"tracking_urls":[],"receipt":{},"name":"#TBB091009.1","admin_graphql_api_id":"gid:\/\/shopify\/Fulfillment\/1243412660258","line_items":[{"id":2856769814562,"variant_id":29594577141794,"title":"1\/2\/4 Pcs Wall Mount Ingredient Spice Bottle Rack","quantity":1,"sku":"25670605-1pcs","variant_title":"1pcs","vendor":"The Big Bowl","fulfillment_service":"oberlo","product_id":3923875332130,"requires_shipping":true,"taxable":false,"gift_card":false,"name":"1\/2\/4 Pcs Wall Mount Ingredient Spice Bottle Rack - 1pcs","variant_inventory_management":"shopify","properties":[],"product_exists":true,"fulfillable_quantity":0,"grams":0,"price":"1.92","total_discount":"0.00","fulfillment_status":null,"price_set":{"shop_money":{"amount":"1.92","currency_code":"USD"},"presentment_money":{"amount":"1.92","currency_code":"USD"}},"total_discount_set":{"shop_money":{"amount":"0.00","currency_code":"USD"},"presentment_money":{"amount":"0.00","currency_code":"USD"}},"discount_allocations":[],"admin_graphql_api_id":"gid:\/\/shopify\/LineItem\/2856769814562","tax_lines":[]}]}],"refunds":[],"customer":{"id":2159107637282,"email":"leatarmen@gmail.com","accepts_marketing":false,"created_at":"2019-09-11T02:41:35-06:00","updated_at":"2019-09-11T02:41:44-06:00","first_name":"Test","last_name":"9","orders_count":1,"state":"disabled","total_spent":"1.92","last_order_id":1354742399010,"note":null,"verified_email":true,"multipass_identifier":null,"tax_exempt":false,"phone":null,"tags":"","last_order_name":"#TBB091009","currency":"USD","accepts_marketing_updated_at":"2019-09-11T02:41:35-06:00","marketing_opt_in_level":null,"tax_exemptions":[],"admin_graphql_api_id":"gid:\/\/shopify\/Customer\/2159107637282","default_address":{"id":2285041483810,"customer_id":2159107637282,"first_name":"Test ","last_name":"9","company":"","address1":"13216 W DESERT ROCK DR","address2":"","city":"SURPRISE","province":"Arizona","country":"United States","zip":"85374","phone":"6232295763","name":"Test  9","province_code":"AZ","country_code":"US","country_name":"United States","default":true}}},{"id":1354741579810,"email":"choancut963@gmail.com","closed_at":null,"created_at":"2019-09-11T02:40:31-06:00","updated_at":"2019-09-11T02:40:32-06:00","number":8,"note":"","token":"f259772fb0e7912022cbdd776c1b0089","gateway":"manual","test":false,"total_price":"1.92","subtotal_price":"1.92","total_weight":0,"total_tax":"0.00","taxes_included":false,"currency":"USD","financial_status":"paid","confirmed":true,"total_discounts":"0.00","total_line_items_price":"1.92","cart_token":null,"buyer_accepts_marketing":false,"name":"#TBB091008","referring_site":null,"landing_site":null,"cancelled_at":null,"cancel_reason":null,"total_price_usd":"1.92","checkout_token":null,"reference":null,"user_id":38057902114,"location_id":null,"source_identifier":null,"source_url":null,"processed_at":"2019-09-11T02:40:31-06:00","device_id":null,"phone":null,"customer_locale":null,"app_id":1354745,"browser_ip":null,"landing_site_ref":null,"order_number":1008,"discount_applications":[],"discount_codes":[],"note_attributes":[],"payment_gateway_names":["manual"],"processing_method":"manual","checkout_id":null,"source_name":"shopify_draft_order","fulfillment_status":null,"tax_lines":[],"tags":"","contact_email":"choancut963@gmail.com","order_status_url":"https:\/\/thebigbowl9.myshopify.com\/26518388770\/orders\/f259772fb0e7912022cbdd776c1b0089\/authenticate?key=7fda3187f44baa09f8932ffc69925fd0","presentment_currency":"USD","total_line_items_price_set":{"shop_money":{"amount":"1.92","currency_code":"USD"},"presentment_money":{"amount":"1.92","currency_code":"USD"}},"total_discounts_set":{"shop_money":{"amount":"0.00","currency_code":"USD"},"presentment_money":{"amount":"0.00","currency_code":"USD"}},"total_shipping_price_set":{"shop_money":{"amount":"0.00","currency_code":"USD"},"presentment_money":{"amount":"0.00","currency_code":"USD"}},"subtotal_price_set":{"shop_money":{"amount":"1.92","currency_code":"USD"},"presentment_money":{"amount":"1.92","currency_code":"USD"}},"total_price_set":{"shop_money":{"amount":"1.92","currency_code":"USD"},"presentment_money":{"amount":"1.92","currency_code":"USD"}},"total_tax_set":{"shop_money":{"amount":"0.00","currency_code":"USD"},"presentment_money":{"amount":"0.00","currency_code":"USD"}},"total_tip_received":"0.0","admin_graphql_api_id":"gid:\/\/shopify\/Order\/1354741579810","line_items":[{"id":2856768929826,"variant_id":29594577141794,"title":"1\/2\/4 Pcs Wall Mount Ingredient Spice Bottle Rack","quantity":1,"sku":"25670605-1pcs","variant_title":"1pcs","vendor":"The Big Bowl","fulfillment_service":"oberlo","product_id":3923875332130,"requires_shipping":true,"taxable":false,"gift_card":false,"name":"1\/2\/4 Pcs Wall Mount Ingredient Spice Bottle Rack - 1pcs","variant_inventory_management":"shopify","properties":[],"product_exists":true,"fulfillable_quantity":0,"grams":0,"price":"1.92","total_discount":"0.00","fulfillment_status":null,"price_set":{"shop_money":{"amount":"1.92","currency_code":"USD"},"presentment_money":{"amount":"1.92","currency_code":"USD"}},"total_discount_set":{"shop_money":{"amount":"0.00","currency_code":"USD"},"presentment_money":{"amount":"0.00","currency_code":"USD"}},"discount_allocations":[],"admin_graphql_api_id":"gid:\/\/shopify\/LineItem\/2856768929826","tax_lines":[]}],"shipping_lines":[],"billing_address":{"first_name":"Test ","address1":"769 N MCNEIL ST","phone":"(423) 747-8383","city":"MEMPHIS","zip":"38107","province":"Tennessee","country":"United States","last_name":"8","address2":null,"company":null,"latitude":35.1598554,"longitude":-90.0092355,"name":"Test  8","country_code":"US","province_code":"TN"},"shipping_address":{"first_name":"Test ","address1":"769 N MCNEIL ST","phone":"(423) 747-8383","city":"MEMPHIS","zip":"38107","province":"Tennessee","country":"United States","last_name":"8","address2":null,"company":null,"latitude":35.1598554,"longitude":-90.0092355,"name":"Test  8","country_code":"US","province_code":"TN"},"fulfillments":[{"id":1243411808290,"order_id":1354741579810,"status":"pending","created_at":"2019-09-11T02:40:32-06:00","service":"oberlo","updated_at":"2019-09-11T02:40:32-06:00","tracking_company":null,"shipment_status":null,"location_id":33506000930,"tracking_number":null,"tracking_numbers":[],"tracking_url":null,"tracking_urls":[],"receipt":{},"name":"#TBB091008.1","admin_graphql_api_id":"gid:\/\/shopify\/Fulfillment\/1243411808290","line_items":[{"id":2856768929826,"variant_id":29594577141794,"title":"1\/2\/4 Pcs Wall Mount Ingredient Spice Bottle Rack","quantity":1,"sku":"25670605-1pcs","variant_title":"1pcs","vendor":"The Big Bowl","fulfillment_service":"oberlo","product_id":3923875332130,"requires_shipping":true,"taxable":false,"gift_card":false,"name":"1\/2\/4 Pcs Wall Mount Ingredient Spice Bottle Rack - 1pcs","variant_inventory_management":"shopify","properties":[],"product_exists":true,"fulfillable_quantity":0,"grams":0,"price":"1.92","total_discount":"0.00","fulfillment_status":null,"price_set":{"shop_money":{"amount":"1.92","currency_code":"USD"},"presentment_money":{"amount":"1.92","currency_code":"USD"}},"total_discount_set":{"shop_money":{"amount":"0.00","currency_code":"USD"},"presentment_money":{"amount":"0.00","currency_code":"USD"}},"discount_allocations":[],"admin_graphql_api_id":"gid:\/\/shopify\/LineItem\/2856768929826","tax_lines":[]}]}],"refunds":[],"customer":{"id":2159107080226,"email":"choancut963@gmail.com","accepts_marketing":false,"created_at":"2019-09-11T02:40:21-06:00","updated_at":"2019-09-11T02:40:32-06:00","first_name":"Test","last_name":"8","orders_count":1,"state":"disabled","total_spent":"1.92","last_order_id":1354741579810,"note":null,"verified_email":true,"multipass_identifier":null,"tax_exempt":false,"phone":null,"tags":"","last_order_name":"#TBB091008","currency":"USD","accepts_marketing_updated_at":"2019-09-11T02:40:21-06:00","marketing_opt_in_level":null,"tax_exemptions":[],"admin_graphql_api_id":"gid:\/\/shopify\/Customer\/2159107080226","default_address":{"id":2285040893986,"customer_id":2159107080226,"first_name":"Test ","last_name":"8","company":"","address1":"769 N MCNEIL ST","address2":"","city":"MEMPHIS","province":"Tennessee","country":"United States","zip":"38107","phone":"(423) 747-8383","name":"Test  8","province_code":"TN","country_code":"US","country_name":"United States","default":true}}},{"id":1354740564002,"email":"daonguyenkhanh2502@gmail.com","closed_at":null,"created_at":"2019-09-11T02:38:54-06:00","updated_at":"2019-09-11T02:38:55-06:00","number":7,"note":"","token":"dfd778670b917a0d779e105b6b3da606","gateway":"manual","test":false,"total_price":"1.92","subtotal_price":"1.92","total_weight":0,"total_tax":"0.00","taxes_included":false,"currency":"USD","financial_status":"paid","confirmed":true,"total_discounts":"0.00","total_line_items_price":"1.92","cart_token":null,"buyer_accepts_marketing":false,"name":"#TBB091007","referring_site":null,"landing_site":null,"cancelled_at":null,"cancel_reason":null,"total_price_usd":"1.92","checkout_token":null,"reference":null,"user_id":38057902114,"location_id":null,"source_identifier":null,"source_url":null,"processed_at":"2019-09-11T02:38:54-06:00","device_id":null,"phone":null,"customer_locale":null,"app_id":1354745,"browser_ip":null,"landing_site_ref":null,"order_number":1007,"discount_applications":[],"discount_codes":[],"note_attributes":[],"payment_gateway_names":["manual"],"processing_method":"manual","checkout_id":null,"source_name":"shopify_draft_order","fulfillment_status":null,"tax_lines":[],"tags":"","contact_email":"daonguyenkhanh2502@gmail.com","order_status_url":"https:\/\/thebigbowl9.myshopify.com\/26518388770\/orders\/dfd778670b917a0d779e105b6b3da606\/authenticate?key=ea5f031b814ecf93bb5183d41a59adb9","presentment_currency":"USD","total_line_items_price_set":{"shop_money":{"amount":"1.92","currency_code":"USD"},"presentment_money":{"amount":"1.92","currency_code":"USD"}},"total_discounts_set":{"shop_money":{"amount":"0.00","currency_code":"USD"},"presentment_money":{"amount":"0.00","currency_code":"USD"}},"total_shipping_price_set":{"shop_money":{"amount":"0.00","currency_code":"USD"},"presentment_money":{"amount":"0.00","currency_code":"USD"}},"subtotal_price_set":{"shop_money":{"amount":"1.92","currency_code":"USD"},"presentment_money":{"amount":"1.92","currency_code":"USD"}},"total_price_set":{"shop_money":{"amount":"1.92","currency_code":"USD"},"presentment_money":{"amount":"1.92","currency_code":"USD"}},"total_tax_set":{"shop_money":{"amount":"0.00","currency_code":"USD"},"presentment_money":{"amount":"0.00","currency_code":"USD"}},"total_tip_received":"0.0","admin_graphql_api_id":"gid:\/\/shopify\/Order\/1354740564002","line_items":[{"id":2856767520802,"variant_id":29594577141794,"title":"1\/2\/4 Pcs Wall Mount Ingredient Spice Bottle Rack","quantity":1,"sku":"25670605-1pcs","variant_title":"1pcs","vendor":"The Big Bowl","fulfillment_service":"oberlo","product_id":3923875332130,"requires_shipping":true,"taxable":false,"gift_card":false,"name":"1\/2\/4 Pcs Wall Mount Ingredient Spice Bottle Rack - 1pcs","variant_inventory_management":"shopify","properties":[],"product_exists":true,"fulfillable_quantity":0,"grams":0,"price":"1.92","total_discount":"0.00","fulfillment_status":null,"price_set":{"shop_money":{"amount":"1.92","currency_code":"USD"},"presentment_money":{"amount":"1.92","currency_code":"USD"}},"total_discount_set":{"shop_money":{"amount":"0.00","currency_code":"USD"},"presentment_money":{"amount":"0.00","currency_code":"USD"}},"discount_allocations":[],"admin_graphql_api_id":"gid:\/\/shopify\/LineItem\/2856767520802","tax_lines":[]}],"shipping_lines":[],"billing_address":{"first_name":"Test ","address1":"1809 N Roberson","phone":"(936) 539-6460","city":"Conroe","zip":"77301","province":"Texas","country":"United States","last_name":"7","address2":null,"company":null,"latitude":30.328328,"longitude":-95.4622593,"name":"Test  7","country_code":"US","province_code":"TX"},"shipping_address":{"first_name":"Test ","address1":"1809 N Roberson","phone":"(936) 539-6460","city":"Conroe","zip":"77301","province":"Texas","country":"United States","last_name":"7","address2":null,"company":null,"latitude":30.328328,"longitude":-95.4622593,"name":"Test  7","country_code":"US","province_code":"TX"},"fulfillments":[{"id":1243411152930,"order_id":1354740564002,"status":"pending","created_at":"2019-09-11T02:38:55-06:00","service":"oberlo","updated_at":"2019-09-11T02:38:55-06:00","tracking_company":null,"shipment_status":null,"location_id":33506000930,"tracking_number":null,"tracking_numbers":[],"tracking_url":null,"tracking_urls":[],"receipt":{},"name":"#TBB091007.1","admin_graphql_api_id":"gid:\/\/shopify\/Fulfillment\/1243411152930","line_items":[{"id":2856767520802,"variant_id":29594577141794,"title":"1\/2\/4 Pcs Wall Mount Ingredient Spice Bottle Rack","quantity":1,"sku":"25670605-1pcs","variant_title":"1pcs","vendor":"The Big Bowl","fulfillment_service":"oberlo","product_id":3923875332130,"requires_shipping":true,"taxable":false,"gift_card":false,"name":"1\/2\/4 Pcs Wall Mount Ingredient Spice Bottle Rack - 1pcs","variant_inventory_management":"shopify","properties":[],"product_exists":true,"fulfillable_quantity":0,"grams":0,"price":"1.92","total_discount":"0.00","fulfillment_status":null,"price_set":{"shop_money":{"amount":"1.92","currency_code":"USD"},"presentment_money":{"amount":"1.92","currency_code":"USD"}},"total_discount_set":{"shop_money":{"amount":"0.00","currency_code":"USD"},"presentment_money":{"amount":"0.00","currency_code":"USD"}},"discount_allocations":[],"admin_graphql_api_id":"gid:\/\/shopify\/LineItem\/2856767520802","tax_lines":[]}]}],"refunds":[],"customer":{"id":2159105900578,"email":"daonguyenkhanh2502@gmail.com","accepts_marketing":false,"created_at":"2019-09-11T02:38:46-06:00","updated_at":"2019-09-11T02:38:54-06:00","first_name":"Test","last_name":"7","orders_count":1,"state":"disabled","total_spent":"1.92","last_order_id":1354740564002,"note":null,"verified_email":true,"multipass_identifier":null,"tax_exempt":false,"phone":null,"tags":"","last_order_name":"#TBB091007","currency":"USD","accepts_marketing_updated_at":"2019-09-11T02:38:46-06:00","marketing_opt_in_level":null,"tax_exemptions":[],"admin_graphql_api_id":"gid:\/\/shopify\/Customer\/2159105900578","default_address":{"id":2285039779874,"customer_id":2159105900578,"first_name":"Test ","last_name":"7","company":"","address1":"1809 N Roberson","address2":"","city":"Conroe","province":"Texas","country":"United States","zip":"77301","phone":"(936) 539-6460","name":"Test  7","province_code":"TX","country_code":"US","country_name":"United States","default":true}}},{"id":1354739253282,"email":"kid7313@gmail.com","closed_at":null,"created_at":"2019-09-11T02:36:53-06:00","updated_at":"2019-09-11T02:36:54-06:00","number":6,"note":"","token":"26dfb0e5c00f8dbcdb434b5cca53f8f6","gateway":"manual","test":false,"total_price":"1.92","subtotal_price":"1.92","total_weight":0,"total_tax":"0.00","taxes_included":false,"currency":"USD","financial_status":"paid","confirmed":true,"total_discounts":"0.00","total_line_items_price":"1.92","cart_token":null,"buyer_accepts_marketing":false,"name":"#TBB091006","referring_site":null,"landing_site":null,"cancelled_at":null,"cancel_reason":null,"total_price_usd":"1.92","checkout_token":null,"reference":null,"user_id":38057902114,"location_id":null,"source_identifier":null,"source_url":null,"processed_at":"2019-09-11T02:36:53-06:00","device_id":null,"phone":null,"customer_locale":null,"app_id":1354745,"browser_ip":null,"landing_site_ref":null,"order_number":1006,"discount_applications":[],"discount_codes":[],"note_attributes":[],"payment_gateway_names":["manual"],"processing_method":"manual","checkout_id":null,"source_name":"shopify_draft_order","fulfillment_status":null,"tax_lines":[],"tags":"","contact_email":"kid7313@gmail.com","order_status_url":"https:\/\/thebigbowl9.myshopify.com\/26518388770\/orders\/26dfb0e5c00f8dbcdb434b5cca53f8f6\/authenticate?key=2aefa7a77f767277e584f044e2bd8e48","presentment_currency":"USD","total_line_items_price_set":{"shop_money":{"amount":"1.92","currency_code":"USD"},"presentment_money":{"amount":"1.92","currency_code":"USD"}},"total_discounts_set":{"shop_money":{"amount":"0.00","currency_code":"USD"},"presentment_money":{"amount":"0.00","currency_code":"USD"}},"total_shipping_price_set":{"shop_money":{"amount":"0.00","currency_code":"USD"},"presentment_money":{"amount":"0.00","currency_code":"USD"}},"subtotal_price_set":{"shop_money":{"amount":"1.92","currency_code":"USD"},"presentment_money":{"amount":"1.92","currency_code":"USD"}},"total_price_set":{"shop_money":{"amount":"1.92","currency_code":"USD"},"presentment_money":{"amount":"1.92","currency_code":"USD"}},"total_tax_set":{"shop_money":{"amount":"0.00","currency_code":"USD"},"presentment_money":{"amount":"0.00","currency_code":"USD"}},"total_tip_received":"0.0","admin_graphql_api_id":"gid:\/\/shopify\/Order\/1354739253282","line_items":[{"id":2856765325346,"variant_id":29594577141794,"title":"1\/2\/4 Pcs Wall Mount Ingredient Spice Bottle Rack","quantity":1,"sku":"25670605-1pcs","variant_title":"1pcs","vendor":"The Big Bowl","fulfillment_service":"oberlo","product_id":3923875332130,"requires_shipping":true,"taxable":false,"gift_card":false,"name":"1\/2\/4 Pcs Wall Mount Ingredient Spice Bottle Rack - 1pcs","variant_inventory_management":"shopify","properties":[],"product_exists":true,"fulfillable_quantity":0,"grams":0,"price":"1.92","total_discount":"0.00","fulfillment_status":null,"price_set":{"shop_money":{"amount":"1.92","currency_code":"USD"},"presentment_money":{"amount":"1.92","currency_code":"USD"}},"total_discount_set":{"shop_money":{"amount":"0.00","currency_code":"USD"},"presentment_money":{"amount":"0.00","currency_code":"USD"}},"discount_allocations":[],"admin_graphql_api_id":"gid:\/\/shopify\/LineItem\/2856765325346","tax_lines":[]}],"shipping_lines":[],"billing_address":{"first_name":"Test ","address1":"708 Stonewall Avenue","phone":"(281) 687-4913","city":"Jacksonville","zip":"28540","province":"North Carolina","country":"United States","last_name":"6","address2":null,"company":null,"latitude":34.7809999,"longitude":-77.5136821,"name":"Test  6","country_code":"US","province_code":"NC"},"shipping_address":{"first_name":"Test ","address1":"708 Stonewall Avenue","phone":"(281) 687-4913","city":"Jacksonville","zip":"28540","province":"North Carolina","country":"United States","last_name":"6","address2":null,"company":null,"latitude":34.7809999,"longitude":-77.5136821,"name":"Test  6","country_code":"US","province_code":"NC"},"fulfillments":[{"id":1243409252386,"order_id":1354739253282,"status":"pending","created_at":"2019-09-11T02:36:54-06:00","service":"oberlo","updated_at":"2019-09-11T02:36:54-06:00","tracking_company":null,"shipment_status":null,"location_id":33506000930,"tracking_number":null,"tracking_numbers":[],"tracking_url":null,"tracking_urls":[],"receipt":{},"name":"#TBB091006.1","admin_graphql_api_id":"gid:\/\/shopify\/Fulfillment\/1243409252386","line_items":[{"id":2856765325346,"variant_id":29594577141794,"title":"1\/2\/4 Pcs Wall Mount Ingredient Spice Bottle Rack","quantity":1,"sku":"25670605-1pcs","variant_title":"1pcs","vendor":"The Big Bowl","fulfillment_service":"oberlo","product_id":3923875332130,"requires_shipping":true,"taxable":false,"gift_card":false,"name":"1\/2\/4 Pcs Wall Mount Ingredient Spice Bottle Rack - 1pcs","variant_inventory_management":"shopify","properties":[],"product_exists":true,"fulfillable_quantity":0,"grams":0,"price":"1.92","total_discount":"0.00","fulfillment_status":null,"price_set":{"shop_money":{"amount":"1.92","currency_code":"USD"},"presentment_money":{"amount":"1.92","currency_code":"USD"}},"total_discount_set":{"shop_money":{"amount":"0.00","currency_code":"USD"},"presentment_money":{"amount":"0.00","currency_code":"USD"}},"discount_allocations":[],"admin_graphql_api_id":"gid:\/\/shopify\/LineItem\/2856765325346","tax_lines":[]}]}],"refunds":[],"customer":{"id":2159104622626,"email":"kid7313@gmail.com","accepts_marketing":false,"created_at":"2019-09-11T02:36:44-06:00","updated_at":"2019-09-11T02:36:53-06:00","first_name":"Test","last_name":"6","orders_count":1,"state":"disabled","total_spent":"1.92","last_order_id":1354739253282,"note":null,"verified_email":true,"multipass_identifier":null,"tax_exempt":false,"phone":null,"tags":"","last_order_name":"#TBB091006","currency":"USD","accepts_marketing_updated_at":"2019-09-11T02:36:44-06:00","marketing_opt_in_level":null,"tax_exemptions":[],"admin_graphql_api_id":"gid:\/\/shopify\/Customer\/2159104622626","default_address":{"id":2285038632994,"customer_id":2159104622626,"first_name":"Test ","last_name":"6","company":"","address1":"708 Stonewall Avenue","address2":"","city":"Jacksonville","province":"North Carolina","country":"United States","zip":"28540","phone":"(281) 687-4913","name":"Test  6","province_code":"NC","country_code":"US","country_name":"United States","default":true}}},{"id":1354738335778,"email":"nhnvu511994@gmail.com","closed_at":null,"created_at":"2019-09-11T02:35:43-06:00","updated_at":"2019-09-11T02:35:45-06:00","number":5,"note":"","token":"53ff3ff6fdb23a1ea144e6fe43dd5992","gateway":"manual","test":false,"total_price":"1.92","subtotal_price":"1.92","total_weight":0,"total_tax":"0.00","taxes_included":false,"currency":"USD","financial_status":"paid","confirmed":true,"total_discounts":"0.00","total_line_items_price":"1.92","cart_token":null,"buyer_accepts_marketing":false,"name":"#TBB091005","referring_site":null,"landing_site":null,"cancelled_at":null,"cancel_reason":null,"total_price_usd":"1.92","checkout_token":null,"reference":null,"user_id":38057902114,"location_id":null,"source_identifier":null,"source_url":null,"processed_at":"2019-09-11T02:35:43-06:00","device_id":null,"phone":null,"customer_locale":null,"app_id":1354745,"browser_ip":null,"landing_site_ref":null,"order_number":1005,"discount_applications":[],"discount_codes":[],"note_attributes":[],"payment_gateway_names":["manual"],"processing_method":"manual","checkout_id":null,"source_name":"shopify_draft_order","fulfillment_status":null,"tax_lines":[],"tags":"","contact_email":"nhnvu511994@gmail.com","order_status_url":"https:\/\/thebigbowl9.myshopify.com\/26518388770\/orders\/53ff3ff6fdb23a1ea144e6fe43dd5992\/authenticate?key=4562d8a0421d4673584933f4b541ed99","presentment_currency":"USD","total_line_items_price_set":{"shop_money":{"amount":"1.92","currency_code":"USD"},"presentment_money":{"amount":"1.92","currency_code":"USD"}},"total_discounts_set":{"shop_money":{"amount":"0.00","currency_code":"USD"},"presentment_money":{"amount":"0.00","currency_code":"USD"}},"total_shipping_price_set":{"shop_money":{"amount":"0.00","currency_code":"USD"},"presentment_money":{"amount":"0.00","currency_code":"USD"}},"subtotal_price_set":{"shop_money":{"amount":"1.92","currency_code":"USD"},"presentment_money":{"amount":"1.92","currency_code":"USD"}},"total_price_set":{"shop_money":{"amount":"1.92","currency_code":"USD"},"presentment_money":{"amount":"1.92","currency_code":"USD"}},"total_tax_set":{"shop_money":{"amount":"0.00","currency_code":"USD"},"presentment_money":{"amount":"0.00","currency_code":"USD"}},"total_tip_received":"0.0","admin_graphql_api_id":"gid:\/\/shopify\/Order\/1354738335778","line_items":[{"id":2856763949090,"variant_id":29594577141794,"title":"1\/2\/4 Pcs Wall Mount Ingredient Spice Bottle Rack","quantity":1,"sku":"25670605-1pcs","variant_title":"1pcs","vendor":"The Big Bowl","fulfillment_service":"oberlo","product_id":3923875332130,"requires_shipping":true,"taxable":false,"gift_card":false,"name":"1\/2\/4 Pcs Wall Mount Ingredient Spice Bottle Rack - 1pcs","variant_inventory_management":"shopify","properties":[],"product_exists":true,"fulfillable_quantity":0,"grams":0,"price":"1.92","total_discount":"0.00","fulfillment_status":null,"price_set":{"shop_money":{"amount":"1.92","currency_code":"USD"},"presentment_money":{"amount":"1.92","currency_code":"USD"}},"total_discount_set":{"shop_money":{"amount":"0.00","currency_code":"USD"},"presentment_money":{"amount":"0.00","currency_code":"USD"}},"discount_allocations":[],"admin_graphql_api_id":"gid:\/\/shopify\/LineItem\/2856763949090","tax_lines":[]}],"shipping_lines":[],"billing_address":{"first_name":"Test ","address1":"243 Pine Avenue","phone":"(215) 694-1136","city":"Horsham","zip":"19044","province":"Pennsylvania","country":"United States","last_name":"5","address2":null,"company":null,"latitude":40.1780995,"longitude":-75.1344941,"name":"Test  5","country_code":"US","province_code":"PA"},"shipping_address":{"first_name":"Test ","address1":"243 Pine Avenue","phone":"(215) 694-1136","city":"Horsham","zip":"19044","province":"Pennsylvania","country":"United States","last_name":"5","address2":null,"company":null,"latitude":40.1780995,"longitude":-75.1344941,"name":"Test  5","country_code":"US","province_code":"PA"},"fulfillments":[{"id":1243405582370,"order_id":1354738335778,"status":"pending","created_at":"2019-09-11T02:35:44-06:00","service":"oberlo","updated_at":"2019-09-11T02:35:44-06:00","tracking_company":null,"shipment_status":null,"location_id":33506000930,"tracking_number":null,"tracking_numbers":[],"tracking_url":null,"tracking_urls":[],"receipt":{},"name":"#TBB091005.1","admin_graphql_api_id":"gid:\/\/shopify\/Fulfillment\/1243405582370","line_items":[{"id":2856763949090,"variant_id":29594577141794,"title":"1\/2\/4 Pcs Wall Mount Ingredient Spice Bottle Rack","quantity":1,"sku":"25670605-1pcs","variant_title":"1pcs","vendor":"The Big Bowl","fulfillment_service":"oberlo","product_id":3923875332130,"requires_shipping":true,"taxable":false,"gift_card":false,"name":"1\/2\/4 Pcs Wall Mount Ingredient Spice Bottle Rack - 1pcs","variant_inventory_management":"shopify","properties":[],"product_exists":true,"fulfillable_quantity":0,"grams":0,"price":"1.92","total_discount":"0.00","fulfillment_status":null,"price_set":{"shop_money":{"amount":"1.92","currency_code":"USD"},"presentment_money":{"amount":"1.92","currency_code":"USD"}},"total_discount_set":{"shop_money":{"amount":"0.00","currency_code":"USD"},"presentment_money":{"amount":"0.00","currency_code":"USD"}},"discount_allocations":[],"admin_graphql_api_id":"gid:\/\/shopify\/LineItem\/2856763949090","tax_lines":[]}]}],"refunds":[],"customer":{"id":2159103934498,"email":"nhnvu511994@gmail.com","accepts_marketing":false,"created_at":"2019-09-11T02:35:34-06:00","updated_at":"2019-09-11T02:35:44-06:00","first_name":"Test","last_name":"5","orders_count":1,"state":"disabled","total_spent":"1.92","last_order_id":1354738335778,"note":null,"verified_email":true,"multipass_identifier":null,"tax_exempt":false,"phone":null,"tags":"","last_order_name":"#TBB091005","currency":"USD","accepts_marketing_updated_at":"2019-09-11T02:35:34-06:00","marketing_opt_in_level":null,"tax_exemptions":[],"admin_graphql_api_id":"gid:\/\/shopify\/Customer\/2159103934498","default_address":{"id":2285037879330,"customer_id":2159103934498,"first_name":"Test ","last_name":"5","company":"","address1":"243 Pine Avenue","address2":"","city":"Horsham","province":"Pennsylvania","country":"United States","zip":"19044","phone":"(215) 694-1136","name":"Test  5","province_code":"PA","country_code":"US","country_name":"United States","default":true}}},{"id":1354737451042,"email":"vuilachinh99999@gmail.com","closed_at":null,"created_at":"2019-09-11T02:34:25-06:00","updated_at":"2019-09-11T02:34:28-06:00","number":4,"note":"","token":"5468b13119bd978ad768f092b6b2421a","gateway":"manual","test":false,"total_price":"1.92","subtotal_price":"1.92","total_weight":0,"total_tax":"0.00","taxes_included":false,"currency":"USD","financial_status":"paid","confirmed":true,"total_discounts":"0.00","total_line_items_price":"1.92","cart_token":null,"buyer_accepts_marketing":false,"name":"#TBB091004","referring_site":null,"landing_site":null,"cancelled_at":null,"cancel_reason":null,"total_price_usd":"1.92","checkout_token":null,"reference":null,"user_id":38057902114,"location_id":null,"source_identifier":null,"source_url":null,"processed_at":"2019-09-11T02:34:25-06:00","device_id":null,"phone":null,"customer_locale":null,"app_id":1354745,"browser_ip":null,"landing_site_ref":null,"order_number":1004,"discount_applications":[],"discount_codes":[],"note_attributes":[],"payment_gateway_names":["manual"],"processing_method":"manual","checkout_id":null,"source_name":"shopify_draft_order","fulfillment_status":null,"tax_lines":[],"tags":"","contact_email":"vuilachinh99999@gmail.com","order_status_url":"https:\/\/thebigbowl9.myshopify.com\/26518388770\/orders\/5468b13119bd978ad768f092b6b2421a\/authenticate?key=69f49dd18088d564bb9509f19e58cb7e","presentment_currency":"USD","total_line_items_price_set":{"shop_money":{"amount":"1.92","currency_code":"USD"},"presentment_money":{"amount":"1.92","currency_code":"USD"}},"total_discounts_set":{"shop_money":{"amount":"0.00","currency_code":"USD"},"presentment_money":{"amount":"0.00","currency_code":"USD"}},"total_shipping_price_set":{"shop_money":{"amount":"0.00","currency_code":"USD"},"presentment_money":{"amount":"0.00","currency_code":"USD"}},"subtotal_price_set":{"shop_money":{"amount":"1.92","currency_code":"USD"},"presentment_money":{"amount":"1.92","currency_code":"USD"}},"total_price_set":{"shop_money":{"amount":"1.92","currency_code":"USD"},"presentment_money":{"amount":"1.92","currency_code":"USD"}},"total_tax_set":{"shop_money":{"amount":"0.00","currency_code":"USD"},"presentment_money":{"amount":"0.00","currency_code":"USD"}},"total_tip_received":"0.0","admin_graphql_api_id":"gid:\/\/shopify\/Order\/1354737451042","line_items":[{"id":2856762736674,"variant_id":29594577141794,"title":"1\/2\/4 Pcs Wall Mount Ingredient Spice Bottle Rack","quantity":1,"sku":"25670605-1pcs","variant_title":"1pcs","vendor":"The Big Bowl","fulfillment_service":"oberlo","product_id":3923875332130,"requires_shipping":true,"taxable":false,"gift_card":false,"name":"1\/2\/4 Pcs Wall Mount Ingredient Spice Bottle Rack - 1pcs","variant_inventory_management":"shopify","properties":[],"product_exists":true,"fulfillable_quantity":0,"grams":0,"price":"1.92","total_discount":"0.00","fulfillment_status":null,"price_set":{"shop_money":{"amount":"1.92","currency_code":"USD"},"presentment_money":{"amount":"1.92","currency_code":"USD"}},"total_discount_set":{"shop_money":{"amount":"0.00","currency_code":"USD"},"presentment_money":{"amount":"0.00","currency_code":"USD"}},"discount_allocations":[],"admin_graphql_api_id":"gid:\/\/shopify\/LineItem\/2856762736674","tax_lines":[]}],"shipping_lines":[],"billing_address":{"first_name":"Test ","address1":"208 East Noton St.","phone":"(512) 251-5203","city":"Pflugerville","zip":"78660","province":"Texas","country":"United States","last_name":"4","address2":null,"company":null,"latitude":30.4361095,"longitude":-97.6209744,"name":"Test  4","country_code":"US","province_code":"TX"},"shipping_address":{"first_name":"Test ","address1":"208 East Noton St.","phone":"(512) 251-5203","city":"Pflugerville","zip":"78660","province":"Texas","country":"United States","last_name":"4","address2":null,"company":null,"latitude":30.4361095,"longitude":-97.6209744,"name":"Test  4","country_code":"US","province_code":"TX"},"fulfillments":[{"id":1243402076194,"order_id":1354737451042,"status":"pending","created_at":"2019-09-11T02:34:28-06:00","service":"oberlo","updated_at":"2019-09-11T02:34:28-06:00","tracking_company":null,"shipment_status":null,"location_id":33506000930,"tracking_number":null,"tracking_numbers":[],"tracking_url":null,"tracking_urls":[],"receipt":{},"name":"#TBB091004.1","admin_graphql_api_id":"gid:\/\/shopify\/Fulfillment\/1243402076194","line_items":[{"id":2856762736674,"variant_id":29594577141794,"title":"1\/2\/4 Pcs Wall Mount Ingredient Spice Bottle Rack","quantity":1,"sku":"25670605-1pcs","variant_title":"1pcs","vendor":"The Big Bowl","fulfillment_service":"oberlo","product_id":3923875332130,"requires_shipping":true,"taxable":false,"gift_card":false,"name":"1\/2\/4 Pcs Wall Mount Ingredient Spice Bottle Rack - 1pcs","variant_inventory_management":"shopify","properties":[],"product_exists":true,"fulfillable_quantity":0,"grams":0,"price":"1.92","total_discount":"0.00","fulfillment_status":null,"price_set":{"shop_money":{"amount":"1.92","currency_code":"USD"},"presentment_money":{"amount":"1.92","currency_code":"USD"}},"total_discount_set":{"shop_money":{"amount":"0.00","currency_code":"USD"},"presentment_money":{"amount":"0.00","currency_code":"USD"}},"discount_allocations":[],"admin_graphql_api_id":"gid:\/\/shopify\/LineItem\/2856762736674","tax_lines":[]}]}],"refunds":[],"customer":{"id":2159103344674,"email":"vuilachinh99999@gmail.com","accepts_marketing":false,"created_at":"2019-09-11T02:34:18-06:00","updated_at":"2019-09-11T02:34:26-06:00","first_name":"Test","last_name":"4","orders_count":1,"state":"disabled","total_spent":"1.92","last_order_id":1354737451042,"note":null,"verified_email":true,"multipass_identifier":null,"tax_exempt":false,"phone":null,"tags":"","last_order_name":"#TBB091004","currency":"USD","accepts_marketing_updated_at":"2019-09-11T02:34:18-06:00","marketing_opt_in_level":null,"tax_exemptions":[],"admin_graphql_api_id":"gid:\/\/shopify\/Customer\/2159103344674","default_address":{"id":2285037322274,"customer_id":2159103344674,"first_name":"Test ","last_name":"4","company":"","address1":"208 East Noton St.","address2":"","city":"Pflugerville","province":"Texas","country":"United States","zip":"78660","phone":"(512) 251-5203","name":"Test  4","province_code":"TX","country_code":"US","country_name":"United States","default":true}}},{"id":1354736959522,"email":"khanh.daonguyen94@gmail.com","closed_at":null,"created_at":"2019-09-11T02:33:27-06:00","updated_at":"2019-09-11T02:33:28-06:00","number":3,"note":"","token":"ec37c18e0a9da66fb1073625a77db37b","gateway":"manual","test":false,"total_price":"1.92","subtotal_price":"1.92","total_weight":0,"total_tax":"0.00","taxes_included":false,"currency":"USD","financial_status":"paid","confirmed":true,"total_discounts":"0.00","total_line_items_price":"1.92","cart_token":null,"buyer_accepts_marketing":false,"name":"#TBB091003","referring_site":null,"landing_site":null,"cancelled_at":null,"cancel_reason":null,"total_price_usd":"1.92","checkout_token":null,"reference":null,"user_id":38057902114,"location_id":null,"source_identifier":null,"source_url":null,"processed_at":"2019-09-11T02:33:27-06:00","device_id":null,"phone":null,"customer_locale":null,"app_id":1354745,"browser_ip":null,"landing_site_ref":null,"order_number":1003,"discount_applications":[],"discount_codes":[],"note_attributes":[],"payment_gateway_names":["manual"],"processing_method":"manual","checkout_id":null,"source_name":"shopify_draft_order","fulfillment_status":null,"tax_lines":[],"tags":"","contact_email":"khanh.daonguyen94@gmail.com","order_status_url":"https:\/\/thebigbowl9.myshopify.com\/26518388770\/orders\/ec37c18e0a9da66fb1073625a77db37b\/authenticate?key=3f6d1667a163b3b878f24c4a00f24ace","presentment_currency":"USD","total_line_items_price_set":{"shop_money":{"amount":"1.92","currency_code":"USD"},"presentment_money":{"amount":"1.92","currency_code":"USD"}},"total_discounts_set":{"shop_money":{"amount":"0.00","currency_code":"USD"},"presentment_money":{"amount":"0.00","currency_code":"USD"}},"total_shipping_price_set":{"shop_money":{"amount":"0.00","currency_code":"USD"},"presentment_money":{"amount":"0.00","currency_code":"USD"}},"subtotal_price_set":{"shop_money":{"amount":"1.92","currency_code":"USD"},"presentment_money":{"amount":"1.92","currency_code":"USD"}},"total_price_set":{"shop_money":{"amount":"1.92","currency_code":"USD"},"presentment_money":{"amount":"1.92","currency_code":"USD"}},"total_tax_set":{"shop_money":{"amount":"0.00","currency_code":"USD"},"presentment_money":{"amount":"0.00","currency_code":"USD"}},"total_tip_received":"0.0","admin_graphql_api_id":"gid:\/\/shopify\/Order\/1354736959522","line_items":[{"id":2856761327650,"variant_id":29594577141794,"title":"1\/2\/4 Pcs Wall Mount Ingredient Spice Bottle Rack","quantity":1,"sku":"25670605-1pcs","variant_title":"1pcs","vendor":"The Big Bowl","fulfillment_service":"oberlo","product_id":3923875332130,"requires_shipping":true,"taxable":false,"gift_card":false,"name":"1\/2\/4 Pcs Wall Mount Ingredient Spice Bottle Rack - 1pcs","variant_inventory_management":"shopify","properties":[],"product_exists":true,"fulfillable_quantity":0,"grams":0,"price":"1.92","total_discount":"0.00","fulfillment_status":null,"price_set":{"shop_money":{"amount":"1.92","currency_code":"USD"},"presentment_money":{"amount":"1.92","currency_code":"USD"}},"total_discount_set":{"shop_money":{"amount":"0.00","currency_code":"USD"},"presentment_money":{"amount":"0.00","currency_code":"USD"}},"discount_allocations":[],"admin_graphql_api_id":"gid:\/\/shopify\/LineItem\/2856761327650","tax_lines":[]}],"shipping_lines":[],"billing_address":{"first_name":"Test ","address1":"11944 Arbor Valley Parkway","phone":"1 (205) 393-5676","city":"Northport","zip":"35475","province":"Alabama","country":"United States","last_name":"3","address2":null,"company":null,"latitude":33.3096313,"longitude":-87.58806369999999,"name":"Test  3","country_code":"US","province_code":"AL"},"shipping_address":{"first_name":"Test ","address1":"11944 Arbor Valley Parkway","phone":"1 (205) 393-5676","city":"Northport","zip":"35475","province":"Alabama","country":"United States","last_name":"3","address2":null,"company":null,"latitude":33.3096313,"longitude":-87.58806369999999,"name":"Test  3","country_code":"US","province_code":"AL"},"fulfillments":[{"id":1243398733858,"order_id":1354736959522,"status":"pending","created_at":"2019-09-11T02:33:28-06:00","service":"oberlo","updated_at":"2019-09-11T02:33:28-06:00","tracking_company":null,"shipment_status":null,"location_id":33506000930,"tracking_number":null,"tracking_numbers":[],"tracking_url":null,"tracking_urls":[],"receipt":{},"name":"#TBB091003.1","admin_graphql_api_id":"gid:\/\/shopify\/Fulfillment\/1243398733858","line_items":[{"id":2856761327650,"variant_id":29594577141794,"title":"1\/2\/4 Pcs Wall Mount Ingredient Spice Bottle Rack","quantity":1,"sku":"25670605-1pcs","variant_title":"1pcs","vendor":"The Big Bowl","fulfillment_service":"oberlo","product_id":3923875332130,"requires_shipping":true,"taxable":false,"gift_card":false,"name":"1\/2\/4 Pcs Wall Mount Ingredient Spice Bottle Rack - 1pcs","variant_inventory_management":"shopify","properties":[],"product_exists":true,"fulfillable_quantity":0,"grams":0,"price":"1.92","total_discount":"0.00","fulfillment_status":null,"price_set":{"shop_money":{"amount":"1.92","currency_code":"USD"},"presentment_money":{"amount":"1.92","currency_code":"USD"}},"total_discount_set":{"shop_money":{"amount":"0.00","currency_code":"USD"},"presentment_money":{"amount":"0.00","currency_code":"USD"}},"discount_allocations":[],"admin_graphql_api_id":"gid:\/\/shopify\/LineItem\/2856761327650","tax_lines":[]}]}],"refunds":[],"customer":{"id":2159102525474,"email":"khanh.daonguyen94@gmail.com","accepts_marketing":false,"created_at":"2019-09-11T02:33:16-06:00","updated_at":"2019-09-11T02:33:27-06:00","first_name":"Test","last_name":"3","orders_count":1,"state":"disabled","total_spent":"1.92","last_order_id":1354736959522,"note":null,"verified_email":true,"multipass_identifier":null,"tax_exempt":false,"phone":null,"tags":"","last_order_name":"#TBB091003","currency":"USD","accepts_marketing_updated_at":"2019-09-11T02:33:16-06:00","marketing_opt_in_level":null,"tax_exemptions":[],"admin_graphql_api_id":"gid:\/\/shopify\/Customer\/2159102525474","default_address":{"id":2285036503074,"customer_id":2159102525474,"first_name":"Test ","last_name":"3","company":"","address1":"11944 Arbor Valley Parkway","address2":"","city":"Northport","province":"Alabama","country":"United States","zip":"35475","phone":"1 (205) 393-5676","name":"Test  3","province_code":"AL","country_code":"US","country_name":"United States","default":true}}},{"id":1354736500770,"email":"sp.teemelody@gmail.com","closed_at":null,"created_at":"2019-09-11T02:32:03-06:00","updated_at":"2019-09-11T02:32:04-06:00","number":2,"note":"","token":"8eed8db8de297966f0628718eae48c1d","gateway":"manual","test":false,"total_price":"1.92","subtotal_price":"1.92","total_weight":0,"total_tax":"0.00","taxes_included":false,"currency":"USD","financial_status":"paid","confirmed":true,"total_discounts":"0.00","total_line_items_price":"1.92","cart_token":null,"buyer_accepts_marketing":false,"name":"#TBB091002","referring_site":null,"landing_site":null,"cancelled_at":null,"cancel_reason":null,"total_price_usd":"1.92","checkout_token":null,"reference":null,"user_id":38057902114,"location_id":null,"source_identifier":null,"source_url":null,"processed_at":"2019-09-11T02:32:03-06:00","device_id":null,"phone":null,"customer_locale":null,"app_id":1354745,"browser_ip":null,"landing_site_ref":null,"order_number":1002,"discount_applications":[],"discount_codes":[],"note_attributes":[],"payment_gateway_names":["manual"],"processing_method":"manual","checkout_id":null,"source_name":"shopify_draft_order","fulfillment_status":null,"tax_lines":[],"tags":"","contact_email":"sp.teemelody@gmail.com","order_status_url":"https:\/\/thebigbowl9.myshopify.com\/26518388770\/orders\/8eed8db8de297966f0628718eae48c1d\/authenticate?key=bcb695321394ceb5feac4cce0844122b","presentment_currency":"USD","total_line_items_price_set":{"shop_money":{"amount":"1.92","currency_code":"USD"},"presentment_money":{"amount":"1.92","currency_code":"USD"}},"total_discounts_set":{"shop_money":{"amount":"0.00","currency_code":"USD"},"presentment_money":{"amount":"0.00","currency_code":"USD"}},"total_shipping_price_set":{"shop_money":{"amount":"0.00","currency_code":"USD"},"presentment_money":{"amount":"0.00","currency_code":"USD"}},"subtotal_price_set":{"shop_money":{"amount":"1.92","currency_code":"USD"},"presentment_money":{"amount":"1.92","currency_code":"USD"}},"total_price_set":{"shop_money":{"amount":"1.92","currency_code":"USD"},"presentment_money":{"amount":"1.92","currency_code":"USD"}},"total_tax_set":{"shop_money":{"amount":"0.00","currency_code":"USD"},"presentment_money":{"amount":"0.00","currency_code":"USD"}},"total_tip_received":"0.0","admin_graphql_api_id":"gid:\/\/shopify\/Order\/1354736500770","line_items":[{"id":2856760573986,"variant_id":29594577141794,"title":"1\/2\/4 Pcs Wall Mount Ingredient Spice Bottle Rack","quantity":1,"sku":"25670605-1pcs","variant_title":"1pcs","vendor":"The Big Bowl","fulfillment_service":"oberlo","product_id":3923875332130,"requires_shipping":true,"taxable":false,"gift_card":false,"name":"1\/2\/4 Pcs Wall Mount Ingredient Spice Bottle Rack - 1pcs","variant_inventory_management":"shopify","properties":[],"product_exists":true,"fulfillable_quantity":0,"grams":0,"price":"1.92","total_discount":"0.00","fulfillment_status":null,"price_set":{"shop_money":{"amount":"1.92","currency_code":"USD"},"presentment_money":{"amount":"1.92","currency_code":"USD"}},"total_discount_set":{"shop_money":{"amount":"0.00","currency_code":"USD"},"presentment_money":{"amount":"0.00","currency_code":"USD"}},"discount_allocations":[],"admin_graphql_api_id":"gid:\/\/shopify\/LineItem\/2856760573986","tax_lines":[]}],"shipping_lines":[],"billing_address":{"first_name":"Test ","address1":"2966 Meadland rd.","phone":"(304) 933-3462","city":null,"zip":"26330","province":"West Virginia","country":"United States","last_name":"2","address2":null,"company":null,"latitude":39.3149354,"longitude":-80.15614459999999,"name":"Test  2","country_code":"US","province_code":"WV"},"shipping_address":{"first_name":"Test ","address1":"2966 Meadland rd.","phone":"(304) 933-3462","city":null,"zip":"26330","province":"West Virginia","country":"United States","last_name":"2","address2":null,"company":null,"latitude":39.3149354,"longitude":-80.15614459999999,"name":"Test  2","country_code":"US","province_code":"WV"},"fulfillments":[{"id":1243396472866,"order_id":1354736500770,"status":"pending","created_at":"2019-09-11T02:32:04-06:00","service":"oberlo","updated_at":"2019-09-11T02:32:04-06:00","tracking_company":null,"shipment_status":null,"location_id":33506000930,"tracking_number":null,"tracking_numbers":[],"tracking_url":null,"tracking_urls":[],"receipt":{},"name":"#TBB091002.1","admin_graphql_api_id":"gid:\/\/shopify\/Fulfillment\/1243396472866","line_items":[{"id":2856760573986,"variant_id":29594577141794,"title":"1\/2\/4 Pcs Wall Mount Ingredient Spice Bottle Rack","quantity":1,"sku":"25670605-1pcs","variant_title":"1pcs","vendor":"The Big Bowl","fulfillment_service":"oberlo","product_id":3923875332130,"requires_shipping":true,"taxable":false,"gift_card":false,"name":"1\/2\/4 Pcs Wall Mount Ingredient Spice Bottle Rack - 1pcs","variant_inventory_management":"shopify","properties":[],"product_exists":true,"fulfillable_quantity":0,"grams":0,"price":"1.92","total_discount":"0.00","fulfillment_status":null,"price_set":{"shop_money":{"amount":"1.92","currency_code":"USD"},"presentment_money":{"amount":"1.92","currency_code":"USD"}},"total_discount_set":{"shop_money":{"amount":"0.00","currency_code":"USD"},"presentment_money":{"amount":"0.00","currency_code":"USD"}},"discount_allocations":[],"admin_graphql_api_id":"gid:\/\/shopify\/LineItem\/2856760573986","tax_lines":[]}]}],"refunds":[],"customer":{"id":2159101476898,"email":null,"accepts_marketing":false,"created_at":"2019-09-11T02:31:24-06:00","updated_at":"2019-09-11T02:32:04-06:00","first_name":"Test","last_name":"2","orders_count":1,"state":"disabled","total_spent":"1.92","last_order_id":1354736500770,"note":null,"verified_email":true,"multipass_identifier":null,"tax_exempt":true,"phone":null,"tags":"","last_order_name":"#TBB091002","currency":"USD","accepts_marketing_updated_at":"2019-09-11T02:32:04-06:00","marketing_opt_in_level":null,"tax_exemptions":[],"admin_graphql_api_id":"gid:\/\/shopify\/Customer\/2159101476898","default_address":{"id":2285035683874,"customer_id":2159101476898,"first_name":"Test ","last_name":"2","company":"","address1":"2966 Meadland rd.","address2":"","city":"","province":"West Virginia","country":"United States","zip":"26330","phone":"(304) 933-3462","name":"Test  2","province_code":"WV","country_code":"US","country_name":"United States","default":true}}},{"id":1354733649954,"email":"hoangmachuy@gmail.com","closed_at":null,"created_at":"2019-09-11T02:26:41-06:00","updated_at":"2019-09-11T02:26:43-06:00","number":1,"note":"Test 1","token":"bdcca2ca3f532fc57534b5a8473042ba","gateway":"manual","test":false,"total_price":"1.92","subtotal_price":"1.92","total_weight":0,"total_tax":"0.00","taxes_included":false,"currency":"USD","financial_status":"paid","confirmed":true,"total_discounts":"0.00","total_line_items_price":"1.92","cart_token":null,"buyer_accepts_marketing":true,"name":"#TBB091001","referring_site":null,"landing_site":null,"cancelled_at":null,"cancel_reason":null,"total_price_usd":"1.92","checkout_token":null,"reference":null,"user_id":38057902114,"location_id":null,"source_identifier":null,"source_url":null,"processed_at":"2019-09-11T02:26:41-06:00","device_id":null,"phone":null,"customer_locale":null,"app_id":1354745,"browser_ip":null,"landing_site_ref":null,"order_number":1001,"discount_applications":[],"discount_codes":[],"note_attributes":[],"payment_gateway_names":["manual"],"processing_method":"manual","checkout_id":null,"source_name":"shopify_draft_order","fulfillment_status":null,"tax_lines":[],"tags":"","contact_email":"hoangmachuy@gmail.com","order_status_url":"https:\/\/thebigbowl9.myshopify.com\/26518388770\/orders\/bdcca2ca3f532fc57534b5a8473042ba\/authenticate?key=5059092dbc7af9edfb94700d427f1338","presentment_currency":"USD","total_line_items_price_set":{"shop_money":{"amount":"1.92","currency_code":"USD"},"presentment_money":{"amount":"1.92","currency_code":"USD"}},"total_discounts_set":{"shop_money":{"amount":"0.00","currency_code":"USD"},"presentment_money":{"amount":"0.00","currency_code":"USD"}},"total_shipping_price_set":{"shop_money":{"amount":"0.00","currency_code":"USD"},"presentment_money":{"amount":"0.00","currency_code":"USD"}},"subtotal_price_set":{"shop_money":{"amount":"1.92","currency_code":"USD"},"presentment_money":{"amount":"1.92","currency_code":"USD"}},"total_price_set":{"shop_money":{"amount":"1.92","currency_code":"USD"},"presentment_money":{"amount":"1.92","currency_code":"USD"}},"total_tax_set":{"shop_money":{"amount":"0.00","currency_code":"USD"},"presentment_money":{"amount":"0.00","currency_code":"USD"}},"total_tip_received":"0.0","admin_graphql_api_id":"gid:\/\/shopify\/Order\/1354733649954","line_items":[{"id":2856756412450,"variant_id":29594577141794,"title":"1\/2\/4 Pcs Wall Mount Ingredient Spice Bottle Rack","quantity":1,"sku":"25670605-1pcs","variant_title":"1pcs","vendor":"The Big Bowl","fulfillment_service":"oberlo","product_id":3923875332130,"requires_shipping":true,"taxable":false,"gift_card":false,"name":"1\/2\/4 Pcs Wall Mount Ingredient Spice Bottle Rack - 1pcs","variant_inventory_management":"shopify","properties":[],"product_exists":true,"fulfillable_quantity":0,"grams":0,"price":"1.92","total_discount":"0.00","fulfillment_status":null,"price_set":{"shop_money":{"amount":"1.92","currency_code":"USD"},"presentment_money":{"amount":"1.92","currency_code":"USD"}},"total_discount_set":{"shop_money":{"amount":"0.00","currency_code":"USD"},"presentment_money":{"amount":"0.00","currency_code":"USD"}},"discount_allocations":[],"admin_graphql_api_id":"gid:\/\/shopify\/LineItem\/2856756412450","tax_lines":[{"title":"VAT","price":"0.00","rate":0.1,"price_set":{"shop_money":{"amount":"0.00","currency_code":"USD"},"presentment_money":{"amount":"0.00","currency_code":"USD"}}}]}],"shipping_lines":[],"billing_address":{"first_name":"Test","address1":"72 duong 5","phone":"2654654976","city":"HO CHI MINH","zip":"700000","province":"Vietnam","country":"Vietnam","last_name":"1","address2":null,"company":null,"latitude":10.7736341,"longitude":106.6972813,"name":"Test 1","country_code":"VN","province_code":null},"shipping_address":{"first_name":"Test","address1":"72 duong 5","phone":"2654654976","city":"HO CHI MINH","zip":"700000","province":"Vietnam","country":"Vietnam","last_name":"1","address2":null,"company":null,"latitude":10.7736341,"longitude":106.6972813,"name":"Test 1","country_code":"VN","province_code":null},"fulfillments":[{"id":1243392671778,"order_id":1354733649954,"status":"pending","created_at":"2019-09-11T02:26:43-06:00","service":"oberlo","updated_at":"2019-09-11T02:26:43-06:00","tracking_company":null,"shipment_status":null,"location_id":33506000930,"tracking_number":null,"tracking_numbers":[],"tracking_url":null,"tracking_urls":[],"receipt":{},"name":"#TBB091001.1","admin_graphql_api_id":"gid:\/\/shopify\/Fulfillment\/1243392671778","line_items":[{"id":2856756412450,"variant_id":29594577141794,"title":"1\/2\/4 Pcs Wall Mount Ingredient Spice Bottle Rack","quantity":1,"sku":"25670605-1pcs","variant_title":"1pcs","vendor":"The Big Bowl","fulfillment_service":"oberlo","product_id":3923875332130,"requires_shipping":true,"taxable":false,"gift_card":false,"name":"1\/2\/4 Pcs Wall Mount Ingredient Spice Bottle Rack - 1pcs","variant_inventory_management":"shopify","properties":[],"product_exists":true,"fulfillable_quantity":0,"grams":0,"price":"1.92","total_discount":"0.00","fulfillment_status":null,"price_set":{"shop_money":{"amount":"1.92","currency_code":"USD"},"presentment_money":{"amount":"1.92","currency_code":"USD"}},"total_discount_set":{"shop_money":{"amount":"0.00","currency_code":"USD"},"presentment_money":{"amount":"0.00","currency_code":"USD"}},"discount_allocations":[],"admin_graphql_api_id":"gid:\/\/shopify\/LineItem\/2856756412450","tax_lines":[{"title":"VAT","price":"0.00","rate":0.1,"price_set":{"shop_money":{"amount":"0.00","currency_code":"USD"},"presentment_money":{"amount":"0.00","currency_code":"USD"}}}]}]}],"refunds":[],"customer":{"id":2159098036258,"email":"hoangmachuy@gmail.com","accepts_marketing":true,"created_at":"2019-09-11T02:26:19-06:00","updated_at":"2019-09-11T02:26:42-06:00","first_name":"Test","last_name":"1","orders_count":1,"state":"disabled","total_spent":"1.92","last_order_id":1354733649954,"note":null,"verified_email":true,"multipass_identifier":null,"tax_exempt":false,"phone":null,"tags":"","last_order_name":"#TBB091001","currency":"USD","accepts_marketing_updated_at":"2019-09-11T02:26:19-06:00","marketing_opt_in_level":"single_opt_in","tax_exemptions":[],"admin_graphql_api_id":"gid:\/\/shopify\/Customer\/2159098036258","default_address":{"id":2285032570914,"customer_id":2159098036258,"first_name":"Test","last_name":"1","company":"","address1":"72 duong 5","address2":"","city":"HO CHI MINH","province":"Vietnam","country":"Vietnam","zip":"700000","phone":"2654654976","name":"Test 1","province_code":null,"country_code":"VN","country_name":"Vietnam","default":true}}}]}
